lon,lat,mask
-133.21,12.63,0
-132.51,12.83,0
-131.80,13.02,0
-131.09,13.21,0
-130.38,13.40,0
-129.67,13.58,0
-128.95,13.76,0
-128.24,13.94,0
-127.52,14.11,0
-126.80,14.28,0
-126.08,14.44,0
-125.35,14.61,0
-124.63,14.76,0
-123.90,14.92,0
-123.17,15.07,0
-122.44,15.22,0
-121.71,15.36,0
-120.97,15.50,0
-120.24,15.63,0
-119.50,15.76,0
-118.76,15.89,0
-118.02,16.02,0
-117.28,16.14,0
-116.54,16.25,0
-115.80,16.36,0
-115.05,16.47,0
-114.31,16.58,0
-113.56,16.68,0
-112.81,16.78,0
-112.06,16.87,0
-111.31,16.96,0
-110.56,17.04,0
-109.80,17.12,0
-109.05,17.20,0
-108.30,17.27,0
-107.54,17.34,0
-106.79,17.41,0
-106.03,17.47,0
-105.27,17.52,0
-104.51,17.58,0
-103.75,17.63,0
-102.99,17.67,0
-102.23,17.71,0
-101.47,17.75,0
-100.71,17.78,0
-99.95,17.81,0
-99.19,17.83,0
-98.43,17.85,0
-97.67,17.87,0
-96.91,17.88,0
-96.14,17.89,0
-95.38,17.89,0
-94.62,17.89,0
-93.86,17.89,0
-93.10,17.88,0
-92.33,17.87,0
-91.57,17.85,0
-90.81,17.83,0
-90.05,17.81,0
-89.29,17.78,0
-88.53,17.75,0
-87.77,17.71,0
-87.01,17.67,0
-86.25,17.63,0
-85.49,17.58,0
-84.73,17.52,0
-83.97,17.47,0
-83.22,17.41,0
-82.46,17.34,0
-81.70,17.27,0
-80.95,17.20,0
-80.20,17.12,0
-79.44,17.04,0
-78.69,16.96,0
-77.94,16.87,0
-77.19,16.78,0
-76.44,16.68,0
-75.70,16.58,0
-74.95,16.47,0
-74.20,16.36,0
-73.46,16.25,0
-72.72,16.14,0
-71.98,16.02,0
-71.24,15.89,0
-70.50,15.76,0
-69.76,15.63,0
-69.03,15.50,0
-68.29,15.36,0
-67.56,15.22,0
-66.83,15.07,0
-66.10,14.92,0
-65.37,14.76,0
-133.41,13.32,0
-132.71,13.52,0
-132.00,13.71,0
-131.29,13.90,0
-130.57,14.09,0
-129.86,14.28,0
-129.14,14.46,0
-128.42,14.63,0
-127.70,14.81,0
-126.97,14.98,0
-126.25,15.15,0
-125.52,15.31,0
-124.79,15.47,0
-124.06,15.62,0
-123.33,15.77,0
-122.59,15.92,0
-121.86,16.07,0
-121.12,16.21,0
-120.38,16.34,0
-119.64,16.47,0
-118.90,16.60,0
-118.15,16.73,0
-117.41,16.85,0
-116.66,16.97,0
-115.91,17.08,0
-115.16,17.19,0
-114.41,17.29,0
-113.66,17.40,0
-112.91,17.49,0
-112.16,17.59,0
-111.40,17.68,0
-110.64,17.76,0
-109.89,17.84,0
-109.13,17.92,0
-108.37,17.99,0
-107.61,18.06,0
-106.85,18.13,0
-106.09,18.19,0
-105.33,18.25,0
-104.57,18.30,0
-103.80,18.35,0
-103.04,18.39,0
-102.28,18.44,0
-101.51,18.47,0
-100.75,18.51,0
-99.98,18.53,0
-99.22,18.56,0
-98.45,18.58,0
-97.68,18.60,0
-96.92,18.61,0
-96.15,18.62,0
-95.38,18.62,0
-94.62,18.62,0
-93.85,18.62,0
-93.08,18.61,0
-92.32,18.60,0
-91.55,18.58,0
-90.79,18.56,0
-90.02,18.53,0
-89.26,18.51,0
-88.49,18.47,0
-87.73,18.44,0
-86.96,18.39,0
-86.20,18.35,0
-85.43,18.30,0
-84.67,18.25,0
-83.91,18.19,0
-83.15,18.13,0
-82.39,18.06,0
-81.63,17.99,0
-80.87,17.92,0
-80.11,17.84,0
-79.36,17.76,0
-78.60,17.68,0
-77.85,17.59,0
-77.09,17.49,0
-76.34,17.40,0
-75.59,17.29,0
-74.84,17.19,0
-74.09,17.08,0
-73.34,16.97,0
-72.59,16.85,0
-71.85,16.73,0
-71.11,16.60,0
-70.36,16.47,0
-69.62,16.34,0
-68.88,16.21,0
-68.15,16.07,0
-67.41,15.92,0
-66.68,15.77,0
-65.94,15.62,0
-65.21,15.47,0
-133.62,14.01,0
-132.91,14.21,0
-132.20,14.40,0
-131.48,14.60,0
-130.76,14.79,0
-130.04,14.97,0
-129.32,15.15,0
-128.60,15.33,0
-127.87,15.51,0
-127.15,15.68,0
-126.42,15.85,0
-125.69,16.01,0
-124.95,16.17,0
-124.22,16.33,0
-123.48,16.48,0
-122.74,16.63,0
-122.00,16.77,0
-121.26,16.92,0
-120.52,17.05,0
-119.77,17.19,0
-119.03,17.32,0
-118.28,17.44,0
-117.53,17.56,0
-116.78,17.68,0
-116.03,17.80,0
-115.28,17.91,0
-114.52,18.01,0
-113.77,18.11,0
-113.01,18.21,0
-112.25,18.31,0
-111.49,18.40,0
-110.73,18.48,0
-109.97,18.56,0
-109.21,18.64,0
-108.45,18.72,0
-107.68,18.79,0
-106.92,18.85,0
-106.15,18.91,0
-105.39,18.97,0
-104.62,19.03,0
-103.85,19.07,0
-103.09,19.12,0
-102.32,19.16,0
-101.55,19.20,0
-100.78,19.23,0
-100.01,19.26,0
-99.24,19.29,0
-98.47,19.31,0
-97.70,19.32,0
-96.93,19.33,0
-96.16,19.34,0
-95.39,19.35,0
-94.62,19.35,0
-93.84,19.34,0
-93.07,19.33,0
-92.30,19.32,0
-91.53,19.31,0
-90.76,19.29,0
-89.99,19.26,0
-89.22,19.23,0
-88.45,19.20,0
-87.68,19.16,0
-86.92,19.12,0
-86.15,19.07,0
-85.38,19.03,0
-84.61,18.97,0
-83.85,18.91,0
-83.08,18.85,0
-82.32,18.79,0
-81.55,18.72,0
-80.79,18.64,0
-80.03,18.56,0
-79.27,18.48,0
-78.51,18.40,0
-77.75,18.31,0
-76.99,18.21,0
-76.23,18.11,0
-75.48,18.01,0
-74.72,17.91,0
-73.97,17.80,0
-73.22,17.68,0
-72.47,17.56,0
-71.72,17.44,0
-70.97,17.32,0
-70.23,17.19,0
-69.48,17.05,0
-68.74,16.92,0
-68.00,16.77,0
-67.26,16.63,0
-66.52,16.48,0
-65.78,16.33,0
-65.05,16.17,0
-133.83,14.70,0
-133.12,14.90,0
-132.40,15.10,0
-131.68,15.29,0
-130.96,15.48,0
-130.24,15.67,0
-129.51,15.85,0
-128.78,16.03,0
-128.06,16.21,0
-127.32,16.38,0
-126.59,16.55,0
-125.86,16.72,0
-125.12,16.88,0
-124.38,17.03,0
-123.64,17.19,0
-122.90,17.34,0
-122.15,17.48,0
-121.41,17.63,0
-120.66,17.76,0
-119.91,17.90,0
-119.16,18.03,0
-118.41,18.16,0
-117.66,18.28,0
-116.90,18.40,0
-116.15,18.51,0
-115.39,18.62,0
-114.63,18.73,0
-113.87,18.83,0
-113.11,18.93,0
-112.35,19.03,0
-111.59,19.12,0
-110.82,19.20,0
-110.06,19.29,0
-109.29,19.37,0
-108.52,19.44,0
-107.76,19.51,0
-106.99,19.58,0
-106.22,19.64,0
-105.45,19.70,0
-104.68,19.75,0
-103.90,19.80,0
-103.13,19.85,0
-102.36,19.89,0
-101.59,19.93,0
-100.81,19.96,0
-100.04,19.99,0
-99.26,20.01,0
-98.49,20.03,0
-97.71,20.05,0
-96.94,20.06,0
-96.16,20.07,0
-95.39,20.08,0
-94.61,20.08,0
-93.84,20.07,0
-93.06,20.06,0
-92.29,20.05,0
-91.51,20.03,0
-90.74,20.01,0
-89.96,19.99,0
-89.19,19.96,0
-88.42,19.93,0
-87.64,19.89,0
-86.87,19.85,0
-86.10,19.80,0
-85.33,19.75,0
-84.55,19.70,0
-83.78,19.64,0
-83.01,19.58,0
-82.25,19.51,0
-81.48,19.44,0
-80.71,19.37,0
-79.94,19.29,0
-79.18,19.20,0
-78.41,19.12,0
-77.65,19.03,0
-76.89,18.93,0
-76.13,18.83,0
-75.37,18.73,0
-74.61,18.62,0
-73.85,18.51,0
-73.10,18.40,0
-72.34,18.28,0
-71.59,18.16,0
-70.84,18.03,0
-70.09,17.90,0
-69.34,17.76,0
-68.59,17.63,0
-67.85,17.48,0
-67.10,17.34,0
-66.36,17.19,0
-65.62,17.03,0
-64.88,16.88,0
-134.04,15.39,0
-133.32,15.59,0
-132.60,15.79,0
-131.88,15.99,0
-131.16,16.18,0
-130.43,16.37,0
-129.70,16.55,0
-128.97,16.73,0
-128.24,16.91,0
-127.50,17.08,0
-126.77,17.25,0
-126.03,17.42,0
-125.29,17.58,0
-124.54,17.74,0
-123.80,17.90,0
-123.05,18.05,0
-122.31,18.19,0
-121.56,18.34,0
-120.81,18.48,0
-120.05,18.61,0
-119.30,18.74,0
-118.54,18.87,0
-117.79,19.00,0
-117.03,19.11,0
-116.27,19.23,0
-115.51,19.34,0
-114.74,19.45,0
-113.98,19.55,0
-113.21,19.65,0
-112.45,19.75,0
-111.68,19.84,0
-110.91,19.93,0
-110.14,20.01,0
-109.37,20.09,0
-108.60,20.16,0
-107.83,20.23,0
-107.05,20.30,0
-106.28,20.36,0
-105.51,20.42,0
-104.73,20.48,0
-103.95,20.53,0
-103.18,20.57,0
-102.40,20.62,0
-101.62,20.65,0
-100.85,20.69,0
-100.07,20.72,0
-99.29,20.74,0
-98.51,20.76,0
-97.73,20.78,0
-96.95,20.79,0
-96.17,20.80,0
-95.39,20.80,0
-94.61,20.80,0
-93.83,20.80,0
-93.05,20.79,0
-92.27,20.78,0
-91.49,20.76,0
-90.71,20.74,0
-89.93,20.72,0
-89.16,20.69,0
-88.38,20.65,0
-87.60,20.62,0
-86.82,20.57,0
-86.05,20.53,0
-85.27,20.48,0
-84.50,20.42,0
-83.72,20.36,0
-82.95,20.30,0
-82.17,20.24,0
-81.40,20.16,0
-80.63,20.09,0
-79.86,20.01,0
-79.09,19.93,0
-78.32,19.84,0
-77.55,19.75,0
-76.79,19.65,0
-76.02,19.55,0
-75.26,19.45,0
-74.49,19.34,0
-73.73,19.23,0
-72.97,19.11,0
-72.21,19.00,0
-71.46,18.87,0
-70.70,18.74,0
-69.95,18.61,0
-69.20,18.48,0
-68.44,18.34,0
-67.69,18.19,0
-66.95,18.05,0
-66.20,17.90,0
-65.46,17.74,0
-64.71,17.58,0
-134.26,16.08,0
-133.53,16.28,0
-132.81,16.48,0
-132.08,16.68,0
-131.36,16.88,0
-130.63,17.07,0
-129.89,17.25,0
-129.16,17.43,0
-128.42,17.61,0
-127.68,17.79,0
-126.94,17.96,0
-126.20,18.13,0
-125.46,18.29,0
-124.71,18.45,0
-123.96,18.61,0
-123.21,18.76,0
-122.46,18.91,0
-121.71,19.05,0
-120.95,19.19,0
-120.20,19.33,0
-119.44,19.46,0
-118.68,19.59,0
-117.92,19.71,0
-117.15,19.83,0
-116.39,19.95,0
-115.62,20.06,0
-114.86,20.17,0
-114.09,20.27,0
-113.32,20.37,0
-112.55,20.47,0
-111.78,20.56,0
-111.00,20.65,0
-110.23,20.73,0
-109.45,20.81,0
-108.68,20.89,0
-107.90,20.96,0
-107.12,21.03,0
-106.35,21.09,0
-105.57,21.15,0
-104.79,21.20,0
-104.01,21.25,0
-103.23,21.30,0
-102.44,21.34,0
-101.66,21.38,0
-100.88,21.41,0
-100.10,21.44,0
-99.31,21.47,0
-98.53,21.49,0
-97.75,21.51,0
-96.96,21.52,0
-96.18,21.53,0
-95.39,21.53,0
-94.61,21.53,0
-93.82,21.53,0
-93.04,21.52,0
-92.26,21.51,0
-91.47,21.49,0
-90.69,21.47,0
-89.91,21.44,0
-89.12,21.41,0
-88.34,21.38,0
-87.56,21.34,0
-86.78,21.30,0
-85.99,21.25,0
-85.21,21.20,0
-84.43,21.15,0
-83.66,21.09,0
-82.88,21.03,0
-82.10,20.96,0
-81.32,20.89,0
-80.55,20.81,0
-79.77,20.73,0
-79.00,20.65,0
-78.23,20.56,0
-77.45,20.47,0
-76.68,20.37,0
-75.91,20.27,0
-75.15,20.17,0
-74.38,20.06,0
-73.61,19.95,0
-72.85,19.83,0
-72.09,19.71,0
-71.32,19.59,0
-70.56,19.46,0
-69.81,19.33,0
-69.05,19.19,0
-68.29,19.05,0
-67.54,18.91,0
-66.79,18.76,0
-66.04,18.61,0
-65.29,18.45,0
-64.54,18.29,0
-134.47,16.77,0
-133.75,16.98,0
-133.02,17.18,0
-132.29,17.38,0
-131.56,17.57,0
-130.82,17.76,0
-130.09,17.95,0
-129.35,18.14,0
-128.61,18.32,0
-127.87,18.49,0
-127.12,18.66,0
-126.38,18.83,0
-125.63,19.00,0
-124.88,19.16,0
-124.13,19.32,0
-123.37,19.47,0
-122.62,19.62,0
-121.86,19.76,0
-121.10,19.90,0
-120.34,20.04,0
-119.58,20.18,0
-118.81,20.30,0
-118.05,20.43,0
-117.28,20.55,0
-116.51,20.67,0
-115.74,20.78,0
-114.97,20.89,0
-114.20,21.00,0
-113.42,21.10,0
-112.65,21.19,0
-111.87,21.29,0
-111.10,21.37,0
-110.32,21.46,0
-109.54,21.54,0
-108.76,21.61,0
-107.98,21.69,0
-107.19,21.75,0
-106.41,21.82,0
-105.63,21.88,0
-104.84,21.93,0
-104.06,21.98,0
-103.27,22.03,0
-102.49,22.07,0
-101.70,22.11,0
-100.91,22.14,0
-100.13,22.17,0
-99.34,22.20,0
-98.55,22.22,0
-97.76,22.24,0
-96.97,22.25,0
-96.18,22.26,0
-95.40,22.26,0
-94.61,22.26,0
-93.82,22.26,0
-93.03,22.25,0
-92.24,22.24,0
-91.45,22.22,0
-90.66,22.20,0
-89.88,22.17,0
-89.09,22.14,0
-88.30,22.11,0
-87.51,22.07,0
-86.73,22.03,0
-85.94,21.98,0
-85.16,21.93,0
-84.37,21.88,0
-83.59,21.82,0
-82.81,21.75,0
-82.02,21.69,0
-81.24,21.61,0
-80.46,21.54,0
-79.68,21.46,0
-78.91,21.37,0
-78.13,21.29,0
-77.35,21.19,0
-76.58,21.10,0
-75.80,21.00,0
-75.03,20.89,0
-74.26,20.78,0
-73.49,20.67,0
-72.72,20.55,0
-71.95,20.43,0
-71.19,20.30,0
-70.43,20.18,0
-69.66,20.04,0
-68.90,19.91,0
-68.14,19.76,0
-67.39,19.62,0
-66.63,19.47,0
-65.88,19.32,0
-65.12,19.16,0
-64.37,19.00,0
-134.69,17.47,0
-133.96,17.67,0
-133.23,17.88,0
-132.50,18.08,0
-131.76,18.27,0
-131.02,18.47,0
-130.28,18.65,0
-129.54,18.84,0
-128.80,19.02,0
-128.05,19.20,0
-127.30,19.37,0
-126.55,19.54,0
-125.80,19.71,0
-125.05,19.87,0
-124.29,20.03,0
-123.53,20.18,0
-122.77,20.33,0
-122.01,20.48,0
-121.25,20.62,0
-120.48,20.76,0
-119.72,20.89,0
-118.95,21.02,0
-118.18,21.15,0
-117.41,21.27,0
-116.63,21.39,0
-115.86,21.50,0
-115.09,21.61,0
-114.31,21.72,0
-113.53,21.82,0
-112.75,21.92,0
-111.97,22.01,0
-111.19,22.10,0
-110.41,22.18,0
-109.62,22.26,0
-108.84,22.34,0
-108.05,22.41,0
-107.27,22.48,0
-106.48,22.54,0
-105.69,22.60,0
-104.90,22.66,0
-104.11,22.71,0
-103.32,22.76,0
-102.53,22.80,0
-101.74,22.84,0
-100.95,22.87,0
-100.16,22.90,0
-99.36,22.93,0
-98.57,22.95,0
-97.78,22.97,0
-96.98,22.98,0
-96.19,22.99,0
-95.40,22.99,0
-94.60,22.99,0
-93.81,22.99,0
-93.02,22.98,0
-92.22,22.97,0
-91.43,22.95,0
-90.64,22.93,0
-89.85,22.90,0
-89.05,22.87,0
-88.26,22.84,0
-87.47,22.80,0
-86.68,22.76,0
-85.89,22.71,0
-85.10,22.66,0
-84.31,22.60,0
-83.52,22.55,0
-82.74,22.48,0
-81.95,22.41,0
-81.16,22.34,0
-80.38,22.26,0
-79.60,22.18,0
-78.81,22.10,0
-78.03,22.01,0
-77.25,21.92,0
-76.47,21.82,0
-75.69,21.72,0
-74.92,21.61,0
-74.14,21.50,0
-73.37,21.39,0
-72.59,21.27,0
-71.82,21.15,0
-71.05,21.02,0
-70.28,20.89,0
-69.52,20.76,0
-68.75,20.62,0
-67.99,20.48,0
-67.23,20.33,0
-66.47,20.18,0
-65.71,20.03,0
-64.95,19.87,0
-64.20,19.71,0
-134.91,18.16,0
-134.18,18.37,0
-133.44,18.57,0
-132.71,18.77,0
-131.97,18.97,0
-131.23,19.17,0
-130.48,19.36,0
-129.74,19.54,0
-128.99,19.73,0
-128.24,19.90,0
-127.49,20.08,0
-126.73,20.25,0
-125.98,20.42,0
-125.22,20.58,0
-124.46,20.74,0
-123.70,20.89,0
-122.93,21.04,0
-122.17,21.19,0
-121.40,21.34,0
-120.63,21.47,0
-119.86,21.61,0
-119.09,21.74,0
-118.31,21.87,0
-117.54,21.99,0
-116.76,22.11,0
-115.98,22.22,0
-115.20,22.33,0
-114.42,22.44,0
-113.64,22.54,0
-112.85,22.64,0
-112.07,22.73,0
-111.28,22.82,0
-110.50,22.91,0
-109.71,22.99,0
-108.92,23.07,0
-108.13,23.14,0
-107.34,23.21,0
-106.55,23.27,0
-105.75,23.33,0
-104.96,23.39,0
-104.17,23.44,0
-103.37,23.49,0
-102.57,23.53,0
-101.78,23.57,0
-100.98,23.60,0
-100.19,23.63,0
-99.39,23.66,0
-98.59,23.68,0
-97.79,23.70,0
-97.00,23.71,0
-96.20,23.72,0
-95.40,23.72,0
-94.60,23.72,0
-93.80,23.72,0
-93.01,23.71,0
-92.21,23.70,0
-91.41,23.68,0
-90.61,23.66,0
-89.82,23.63,0
-89.02,23.60,0
-88.22,23.57,0
-87.43,23.53,0
-86.63,23.49,0
-85.84,23.44,0
-85.04,23.39,0
-84.25,23.33,0
-83.46,23.27,0
-82.66,23.21,0
-81.87,23.14,0
-81.08,23.07,0
-80.29,22.99,0
-79.51,22.91,0
-78.72,22.82,0
-77.93,22.73,0
-77.15,22.64,0
-76.36,22.54,0
-75.58,22.44,0
-74.80,22.33,0
-74.02,22.22,0
-73.24,22.11,0
-72.46,21.99,0
-71.69,21.87,0
-70.91,21.74,0
-70.14,21.61,0
-69.37,21.47,0
-68.60,21.34,0
-67.84,21.19,0
-67.07,21.05,0
-66.31,20.89,0
-65.54,20.74,0
-64.78,20.58,0
-64.03,20.42,0
-135.13,18.85,0
-134.40,19.06,0
-133.66,19.27,0
-132.92,19.47,0
-132.18,19.67,0
-131.43,19.87,0
-130.68,20.06,0
-129.93,20.25,0
-129.18,20.43,0
-128.43,20.61,0
-127.67,20.79,0
-126.91,20.96,0
-126.15,21.13,0
-125.39,21.29,0
-124.63,21.45,0
-123.86,21.61,0
-123.09,21.76,0
-122.32,21.91,0
-121.55,22.05,0
-120.78,22.19,0
-120.00,22.33,0
-119.23,22.46,0
-118.45,22.59,0
-117.67,22.71,0
-116.89,22.83,0
-116.10,22.94,0
-115.32,23.06,0
-114.53,23.16,0
-113.75,23.27,0
-112.96,23.36,0
-112.17,23.46,0
-111.38,23.55,0
-110.59,23.63,0
-109.79,23.72,0
-109.00,23.79,0
-108.21,23.87,0
-107.41,23.94,0
-106.61,24.00,0
-105.82,24.06,0
-105.02,24.12,0
-104.22,24.17,0
-103.42,24.22,0
-102.62,24.26,0
-101.82,24.30,0
-101.02,24.33,0
-100.22,24.36,0
-99.41,24.39,0
-98.61,24.41,0
-97.81,24.43,0
-97.01,24.44,0
-96.20,24.45,0
-95.40,24.45,0
-94.60,24.45,0
-93.80,24.45,0
-92.99,24.44,0
-92.19,24.43,0
-91.39,24.41,0
-90.59,24.39,0
-89.78,24.36,0
-88.98,24.33,0
-88.18,24.30,0
-87.38,24.26,0
-86.58,24.22,0
-85.78,24.17,0
-84.98,24.12,0
-84.19,24.06,0
-83.39,24.00,0
-82.59,23.94,0
-81.80,23.87,0
-81.00,23.79,0
-80.21,23.72,0
-79.41,23.63,0
-78.62,23.55,0
-77.83,23.46,0
-77.04,23.36,0
-76.25,23.27,0
-75.47,23.16,0
-74.68,23.06,0
-73.90,22.94,0
-73.11,22.83,0
-72.33,22.71,0
-71.55,22.59,0
-70.78,22.46,0
-70.00,22.33,0
-69.22,22.19,0
-68.45,22.05,0
-67.68,21.91,0
-66.91,21.76,0
-66.14,21.61,0
-65.37,21.45,0
-64.61,21.29,0
-63.85,21.13,0
-135.36,19.55,0
-134.62,19.76,0
-133.88,19.97,0
-133.13,20.17,0
-132.39,20.37,0
-131.64,20.57,0
-130.89,20.76,0
-130.13,20.95,0
-129.38,21.14,0
-128.62,21.32,0
-127.86,21.49,0
-127.10,21.67,0
-126.33,21.84,0
-125.57,22.00,0
-124.80,22.16,0
-124.03,22.32,0
-123.26,22.47,0
-122.48,22.62,0
-121.71,22.77,0
-120.93,22.91,0
-120.15,23.04,0
-119.37,23.18,0
-118.58,23.31,0
-117.80,23.43,0
-117.01,23.55,0
-116.23,23.67,0
-115.44,23.78,0
-114.65,23.89,0
-113.86,23.99,0
-113.06,24.09,0
-112.27,24.18,0
-111.48,24.27,0
-110.68,24.36,0
-109.88,24.44,0
-109.08,24.52,0
-108.28,24.59,0
-107.48,24.66,0
-106.68,24.73,0
-105.88,24.79,0
-105.08,24.85,0
-104.27,24.90,0
-103.47,24.95,0
-102.66,24.99,0
-101.86,25.03,0
-101.05,25.06,0
-100.25,25.09,0
-99.44,25.12,0
-98.63,25.14,0
-97.83,25.16,0
-97.02,25.17,0
-96.21,25.18,0
-95.40,25.19,0
-94.60,25.19,0
-93.79,25.18,0
-92.98,25.17,0
-92.17,25.16,0
-91.37,25.14,0
-90.56,25.12,0
-89.75,25.09,0
-88.95,25.06,0
-88.14,25.03,0
-87.34,24.99,0
-86.53,24.95,0
-85.73,24.90,0
-84.92,24.85,0
-84.12,24.79,0
-83.32,24.73,0
-82.52,24.66,0
-81.72,24.59,0
-80.92,24.52,0
-80.12,24.44,0
-79.32,24.36,0
-78.53,24.27,0
-77.73,24.18,0
-76.94,24.09,0
-76.14,23.99,0
-75.35,23.89,0
-74.56,23.78,0
-73.77,23.67,0
-72.99,23.55,0
-72.20,23.43,0
-71.42,23.31,0
-70.63,23.18,0
-69.85,23.04,0
-69.07,22.91,0
-68.30,22.77,0
-67.52,22.62,0
-66.75,22.47,0
-65.97,22.32,0
-65.20,22.16,0
-64.44,22.00,0
-63.67,21.84,0
-135.59,20.25,0
-134.84,20.46,0
-134.10,20.67,0
-133.35,20.87,0
-132.60,21.07,0
-131.85,21.27,0
-131.09,21.47,0
-130.33,21.66,0
-129.57,21.84,0
-128.81,22.02,0
-128.05,22.20,0
-127.28,22.38,0
-126.51,22.55,0
-125.74,22.71,0
-124.97,22.88,0
-124.20,23.03,0
-123.42,23.19,0
-122.64,23.34,0
-121.86,23.48,0
-121.08,23.62,0
-120.30,23.76,0
-119.51,23.90,0
-118.72,24.03,0
-117.93,24.15,0
-117.14,24.27,0
-116.35,24.39,0
-115.56,24.50,0
-114.76,24.61,0
-113.97,24.71,0
-113.17,24.81,0
-112.37,24.91,0
-111.57,25.00,0
-110.77,25.09,0
-109.97,25.17,0
-109.17,25.25,0
-108.36,25.32,0
-107.56,25.39,0
-106.75,25.46,0
-105.95,25.52,0
-105.14,25.57,0
-104.33,25.63,0
-103.52,25.68,0
-102.71,25.72,0
-101.90,25.76,0
-101.09,25.79,0
-100.28,25.82,0
-99.47,25.85,0
-98.66,25.87,1
-97.84,25.89,1
-97.03,25.90,0
-96.22,25.91,0
-95.41,25.92,0
-94.59,25.92,0
-93.78,25.91,0
-92.97,25.90,0
-92.16,25.89,0
-91.35,25.87,0
-90.53,25.85,0
-89.72,25.82,0
-88.91,25.79,0
-88.10,25.76,0
-87.29,25.72,0
-86.48,25.68,0
-85.67,25.63,0
-84.86,25.57,0
-84.06,25.52,0
-83.25,25.46,0
-82.44,25.39,0
-81.64,25.32,1
-80.83,25.25,1
-80.03,25.17,0
-79.23,25.09,0
-78.43,25.00,0
-77.63,24.91,0
-76.83,24.81,0
-76.03,24.71,0
-75.24,24.61,0
-74.44,24.50,0
-73.65,24.39,0
-72.86,24.27,0
-72.07,24.15,0
-71.28,24.03,0
-70.49,23.90,0
-69.71,23.76,0
-68.92,23.63,0
-68.14,23.48,0
-67.36,23.34,0
-66.58,23.19,0
-65.81,23.03,0
-65.03,22.88,0
-64.26,22.71,0
-63.49,22.55,0
-135.82,20.94,0
-135.07,21.16,0
-134.32,21.37,0
-133.57,21.57,0
-132.81,21.78,0
-132.06,21.97,0
-131.30,22.17,0
-130.54,22.36,0
-129.77,22.55,0
-129.01,22.73,0
-128.24,22.91,0
-127.47,23.09,0
-126.70,23.26,0
-125.92,23.42,0
-125.15,23.59,0
-124.37,23.75,0
-123.59,23.90,0
-122.80,24.05,0
-122.02,24.20,0
-121.23,24.34,0
-120.44,24.48,0
-119.65,24.61,0
-118.86,24.74,0
-118.07,24.87,0
-117.28,24.99,0
-116.48,25.11,0
-115.68,25.22,0
-114.88,25.33,0
-114.08,25.44,0
-113.28,25.54,0
-112.48,25.63,0
-111.67,25.72,0
-110.87,25.81,0
-110.06,25.90,0
-109.25,25.97,0
-108.44,26.05,0
-107.63,26.12,0
-106.82,26.18,0
-106.01,26.25,0
-105.20,26.30,0
-104.39,26.36,0
-103.57,26.40,0
-102.76,26.45,0
-101.94,26.49,0
-101.13,26.52,0
-100.31,26.55,0
-99.49,26.58,1
-98.68,26.60,1
-97.86,26.62,0
-97.04,26.63,0
-96.23,26.64,0
-95.41,26.65,0
-94.59,26.65,0
-93.77,26.64,0
-92.96,26.63,0
-92.14,26.62,0
-91.32,26.60,0
-90.51,26.58,0
-89.69,26.55,0
-88.87,26.52,0
-88.06,26.49,0
-87.24,26.45,0
-86.43,26.40,0
-85.62,26.36,0
-84.80,26.30,0
-83.99,26.25,0
-83.18,26.18,0
-82.37,26.12,0
-81.56,26.05,1
-80.75,25.97,1
-79.94,25.90,0
-79.13,25.81,0
-78.33,25.73,0
-77.52,25.63,0
-76.72,25.54,0
-75.92,25.44,0
-75.12,25.33,0
-74.32,25.22,0
-73.52,25.11,0
-72.73,24.99,0
-71.93,24.87,0
-71.14,24.75,0
-70.35,24.62,0
-69.56,24.48,0
-68.77,24.34,0
-67.98,24.20,0
-67.20,24.05,0
-66.42,23.90,0
-65.63,23.75,0
-64.86,23.59,0
-64.08,23.42,0
-63.31,23.26,0
-136.05,21.64,0
-135.30,21.85,0
-134.54,22.07,0
-133.79,22.27,0
-133.03,22.48,0
-132.27,22.68,0
-131.51,22.87,0
-130.74,23.07,0
-129.97,23.25,0
-129.20,23.44,0
-128.43,23.62,0
-127.66,23.80,0
-126.88,23.97,0
-126.10,24.14,0
-125.32,24.30,0
-124.54,24.46,0
-123.75,24.62,0
-122.97,24.77,0
-122.18,24.92,0
-121.39,25.06,0
-120.60,25.20,0
-119.80,25.33,0
-119.01,25.46,0
-118.21,25.59,0
-117.41,25.71,0
-116.61,25.83,0
-115.81,25.95,0
-115.00,26.05,0
-114.20,26.16,0
-113.39,26.26,0
-112.58,26.36,0
-111.77,26.45,0
-110.96,26.54,0
-110.15,26.62,0
-109.34,26.70,0
-108.52,26.78,0
-107.71,26.85,0
-106.89,26.91,0
-106.08,26.97,0
-105.26,27.03,0
-104.44,27.08,0
-103.62,27.13,0
-102.80,27.18,0
-101.98,27.22,0
-101.16,27.25,0
-100.34,27.28,0
-99.52,27.31,1
-98.70,27.33,1
-97.88,27.35,1
-97.06,27.36,0
-96.23,27.37,0
-95.41,27.38,0
-94.59,27.38,0
-93.77,27.37,0
-92.95,27.36,0
-92.12,27.35,0
-91.30,27.33,0
-90.48,27.31,0
-89.66,27.28,0
-88.84,27.25,0
-88.02,27.22,0
-87.20,27.18,0
-86.38,27.13,0
-85.56,27.09,0
-84.74,27.03,0
-83.92,26.97,0
-83.11,26.91,0
-82.29,26.85,1
-81.48,26.78,1
-80.66,26.70,1
-79.85,26.62,0
-79.04,26.54,0
-78.23,26.45,0
-77.42,26.36,0
-76.61,26.26,0
-75.81,26.16,0
-75.00,26.06,0
-74.20,25.95,0
-73.39,25.83,0
-72.59,25.71,0
-71.79,25.59,0
-71.00,25.46,0
-70.20,25.33,0
-69.41,25.20,0
-68.61,25.06,0
-67.82,24.92,0
-67.03,24.77,0
-66.25,24.62,0
-65.46,24.46,0
-64.68,24.30,0
-63.90,24.14,0
-63.12,23.97,0
-136.28,22.33,0
-135.53,22.55,0
-134.77,22.76,0
-134.01,22.97,0
-133.25,23.18,0
-132.49,23.38,0
-131.72,23.58,0
-130.95,23.77,0
-130.18,23.96,0
-129.40,24.15,0
-128.63,24.33,0
-127.85,24.51,0
-127.07,24.68,0
-126.29,24.85,0
-125.50,25.01,0
-124.71,25.17,0
-123.92,25.33,0
-123.13,25.48,0
-122.34,25.63,0
-121.54,25.78,0
-120.75,25.92,0
-119.95,26.05,0
-119.15,26.18,0
-118.35,26.31,0
-117.54,26.43,0
-116.74,26.55,0
-115.93,26.67,0
-115.12,26.78,0
-114.31,26.88,0
-113.50,26.98,0
-112.69,27.08,0
-111.87,27.17,0
-111.06,27.26,0
-110.24,27.35,0
-109.42,27.43,0
-108.61,27.50,0
-107.79,27.57,0
-106.97,27.64,0
-106.14,27.70,0
-105.32,27.76,0
-104.50,27.81,0
-103.68,27.86,0
-102.85,27.91,0
-102.03,27.95,0
-101.20,27.98,0
-100.38,28.01,1
-99.55,28.04,1
-98.72,28.06,1
-97.90,28.08,1
-97.07,28.09,1
-96.24,28.10,0
-95.41,28.11,0
-94.59,28.11,0
-93.76,28.10,0
-92.93,28.09,0
-92.11,28.08,0
-91.28,28.06,0
-90.45,28.04,0
-89.63,28.01,0
-88.80,27.98,0
-87.97,27.95,0
-87.15,27.91,0
-86.33,27.86,0
-85.50,27.81,0
-84.68,27.76,0
-83.86,27.70,0
-83.04,27.64,1
-82.21,27.57,1
-81.40,27.50,1
-80.58,27.43,0
-79.76,27.35,0
-78.94,27.26,0
-78.13,27.18,0
-77.31,27.08,0
-76.50,26.99,0
-75.69,26.88,0
-74.88,26.78,0
-74.07,26.67,0
-73.26,26.55,0
-72.46,26.43,0
-71.65,26.31,0
-70.85,26.18,0
-70.05,26.05,0
-69.25,25.92,0
-68.46,25.78,0
-67.66,25.63,0
-66.87,25.48,0
-66.08,25.33,0
-65.29,25.17,0
-64.50,25.01,0
-63.72,24.85,0
-62.93,24.68,0
-136.52,23.03,0
-135.76,23.25,0
-135.00,23.46,0
-134.24,23.67,0
-133.47,23.88,0
-132.71,24.08,0
-131.93,24.28,0
-131.16,24.48,0
-130.38,24.67,0
-129.61,24.85,0
-128.83,25.04,0
-128.04,25.21,0
-127.26,25.39,0
-126.47,25.56,0
-125.68,25.73,0
-124.89,25.89,0
-124.10,26.04,0
-123.30,26.20,0
-122.50,26.35,0
-121.70,26.49,0
-120.90,26.63,0
-120.10,26.77,0
-119.29,26.90,0
-118.49,27.03,0
-117.68,27.15,0
-116.87,27.27,0
-116.06,27.39,0
-115.24,27.50,0
-114.43,27.61,0
-113.61,27.71,0
-112.79,27.81,0
-111.98,27.90,0
-111.16,27.99,0
-110.33,28.07,0
-109.51,28.15,0
-108.69,28.23,0
-107.86,28.30,0
-107.04,28.37,0
-106.21,28.43,0
-105.39,28.49,0
-104.56,28.54,0
-103.73,28.59,0
-102.90,28.64,0
-102.07,28.68,0
-101.24,28.71,0
-100.41,28.74,1
-99.58,28.77,1
-98.75,28.79,1
-97.91,28.81,1
-97.08,28.82,1
-96.25,28.83,1
-95.42,28.84,0
-94.58,28.84,0
-93.75,28.83,0
-92.92,28.82,0
-92.09,28.81,0
-91.26,28.79,0
-90.42,28.77,0
-89.59,28.74,1
-88.76,28.71,0
-87.93,28.68,0
-87.10,28.64,0
-86.27,28.59,0
-85.44,28.54,0
-84.62,28.49,0
-83.79,28.43,0
-82.96,28.37,1
-82.14,28.30,1
-81.31,28.23,1
-80.49,28.15,0
-79.67,28.07,0
-78.85,27.99,0
-78.03,27.90,0
-77.21,27.81,0
-76.39,27.71,0
-75.57,27.61,0
-74.76,27.50,0
-73.94,27.39,0
-73.13,27.27,0
-72.32,27.15,0
-71.51,27.03,0
-70.71,26.90,0
-69.90,26.77,0
-69.10,26.63,0
-68.30,26.49,0
-67.50,26.35,0
-66.70,26.20,0
-65.90,26.05,0
-65.11,25.89,0
-64.32,25.73,0
-63.53,25.56,0
-62.74,25.39,0
-136.76,23.73,0
-136.00,23.95,0
-135.24,24.16,0
-134.47,24.37,0
-133.70,24.58,0
-132.93,24.79,0
-132.15,24.99,0
-131.37,25.18,0
-130.59,25.37,0
-129.81,25.56,0
-129.03,25.74,0
-128.24,25.92,0
-127.45,26.10,0
-126.66,26.27,0
-125.86,26.44,0
-125.07,26.60,0
-124.27,26.76,0
-123.47,26.91,0
-122.67,27.06,0
-121.86,27.21,0
-121.06,27.35,0
-120.25,27.49,0
-119.44,27.62,0
-118.63,27.75,0
-117.82,27.87,0
-117.00,27.99,0
-116.18,28.11,0
-115.37,28.22,0
-114.55,28.33,0
-113.73,28.43,0
-112.90,28.53,0
-112.08,28.62,0
-111.25,28.71,0
-110.43,28.80,0
-109.60,28.88,0
-108.77,28.95,0
-107.94,29.03,0
-107.11,29.09,0
-106.28,29.16,0
-105.45,29.21,0
-104.62,29.27,1
-103.78,29.32,1
-102.95,29.36,0
-102.11,29.40,1
-101.28,29.44,1
-100.44,29.47,1
-99.61,29.50,1
-98.77,29.52,1
-97.93,29.54,1
-97.09,29.55,1
-96.26,29.56,1
-95.42,29.57,1
-94.58,29.57,1
-93.74,29.56,1
-92.91,29.55,1
-92.07,29.54,1
-91.23,29.52,1
-90.40,29.50,1
-89.56,29.47,0
-88.72,29.44,0
-87.89,29.40,0
-87.05,29.36,0
-86.22,29.32,0
-85.38,29.27,0
-84.55,29.21,0
-83.72,29.16,1
-82.89,29.09,1
-82.06,29.03,1
-81.23,28.95,0
-80.40,28.88,0
-79.57,28.80,0
-78.75,28.71,0
-77.92,28.62,0
-77.10,28.53,0
-76.28,28.43,0
-75.45,28.33,0
-74.63,28.22,0
-73.82,28.11,0
-73.00,27.99,0
-72.19,27.87,0
-71.37,27.75,0
-70.56,27.62,0
-69.75,27.49,0
-68.94,27.35,0
-68.14,27.21,0
-67.33,27.06,0
-66.53,26.91,0
-65.73,26.76,0
-64.93,26.60,0
-64.14,26.44,0
-63.34,26.27,0
-62.55,26.10,0
-137.01,24.42,0
-136.24,24.64,0
-135.47,24.86,0
-134.70,25.07,0
-133.93,25.28,0
-133.15,25.49,0
-132.37,25.69,0
-131.59,25.89,0
-130.80,26.08,0
-130.02,26.27,0
-129.23,26.45,0
-128.44,26.63,0
-127.64,26.81,0
-126.85,26.98,0
-126.05,27.15,0
-125.25,27.31,0
-124.45,27.47,0
-123.64,27.63,0
-122.84,27.78,0
-122.03,27.92,0
-121.22,28.07,0
-120.40,28.21,0
-119.59,28.34,0
-118.77,28.47,0
-117.95,28.59,0
-117.14,28.71,0
-116.31,28.83,0
-115.49,28.94,0
-114.67,29.05,0
-113.84,29.15,0
-113.01,29.25,0
-112.18,29.35,0
-111.35,29.44,0
-110.52,29.52,0
-109.69,29.60,0
-108.86,29.68,0
-108.02,29.75,0
-107.19,29.82,0
-106.35,29.88,0
-105.51,29.94,0
-104.68,30.00,1
-103.84,30.04,1
-103.00,30.09,1
-102.16,30.13,1
-101.32,30.17,1
-100.48,30.20,1
-99.63,30.23,1
-98.79,30.25,1
-97.95,30.27,1
-97.11,30.28,1
-96.26,30.29,1
-95.42,30.29,1
-94.58,30.29,1
-93.74,30.29,1
-92.89,30.28,1
-92.05,30.27,1
-91.21,30.25,1
-90.37,30.23,1
-89.53,30.20,1
-88.68,30.17,1
-87.84,30.13,1
-87.00,30.09,0
-86.16,30.04,1
-85.33,30.00,1
-84.49,29.94,1
-83.65,29.88,1
-82.81,29.82,1
-81.98,29.75,1
-81.14,29.68,0
-80.31,29.60,0
-79.48,29.52,0
-78.65,29.44,0
-77.82,29.35,0
-76.99,29.25,0
-76.16,29.15,0
-75.33,29.05,0
-74.51,28.94,0
-73.69,28.83,0
-72.87,28.71,0
-72.05,28.59,0
-71.23,28.47,0
-70.41,28.34,0
-69.60,28.21,0
-68.79,28.07,0
-67.97,27.93,0
-67.17,27.78,0
-66.36,27.63,0
-65.55,27.47,0
-64.75,27.31,0
-63.95,27.15,0
-63.15,26.98,0
-62.36,26.81,0
-137.25,25.12,0
-136.48,25.34,0
-135.71,25.56,0
-134.93,25.77,0
-134.16,25.98,0
-133.38,26.19,0
-132.59,26.39,0
-131.81,26.59,0
-131.02,26.78,0
-130.23,26.97,0
-129.43,27.16,0
-128.64,27.34,0
-127.84,27.52,0
-127.04,27.69,0
-126.24,27.86,0
-125.43,28.02,0
-124.63,28.18,0
-123.82,28.34,0
-123.00,28.49,0
-122.19,28.64,0
-121.38,28.78,0
-120.56,28.92,0
-119.74,29.06,0
-118.92,29.19,0
-118.10,29.31,0
-117.27,29.43,0
-116.45,29.55,0
-115.62,29.66,0
-114.79,29.77,0
-113.96,29.87,0
-113.12,29.97,0
-112.29,30.07,0
-111.46,30.16,0
-110.62,30.25,0
-109.78,30.33,0
-108.94,30.40,0
-108.10,30.48,0
-107.26,30.54,0
-106.42,30.61,0
-105.58,30.67,1
-104.74,30.72,1
-103.89,30.77,1
-103.05,30.82,1
-102.20,30.86,1
-101.36,30.89,1
-100.51,30.93,1
-99.66,30.95,1
-98.82,30.98,1
-97.97,30.99,1
-97.12,31.01,1
-96.27,31.02,1
-95.42,31.02,1
-94.58,31.02,1
-93.73,31.02,1
-92.88,31.01,1
-92.03,30.99,1
-91.19,30.98,1
-90.34,30.95,1
-89.49,30.93,1
-88.65,30.89,1
-87.80,30.86,1
-86.95,30.82,1
-86.11,30.77,1
-85.26,30.72,1
-84.42,30.67,1
-83.58,30.61,1
-82.74,30.54,1
-81.90,30.48,0
-81.06,30.40,0
-80.22,30.33,0
-79.38,30.25,0
-78.55,30.16,0
-77.71,30.07,0
-76.88,29.97,0
-76.04,29.88,0
-75.21,29.77,0
-74.38,29.66,0
-73.56,29.55,0
-72.73,29.43,0
-71.91,29.31,0
-71.08,29.19,0
-70.26,29.06,0
-69.44,28.92,0
-68.63,28.78,0
-67.81,28.64,0
-67.00,28.49,0
-66.19,28.34,0
-65.38,28.18,0
-64.57,28.02,0
-63.76,27.86,0
-62.96,27.69,0
-62.16,27.52,0
-137.50,25.81,0
-136.73,26.04,0
-135.95,26.26,0
-135.17,26.47,0
-134.39,26.68,0
-133.60,26.89,0
-132.82,27.09,0
-132.03,27.29,0
-131.23,27.49,0
-130.44,27.68,0
-129.64,27.87,0
-128.84,28.05,0
-128.04,28.23,0
-127.23,28.40,0
-126.43,28.57,0
-125.62,28.74,0
-124.81,28.90,0
-123.99,29.05,0
-123.18,29.21,0
-122.36,29.35,0
-121.54,29.50,0
-120.72,29.64,0
-119.89,29.77,0
-119.07,29.90,0
-118.24,30.03,0
-117.41,30.15,0
-116.58,30.27,0
-115.75,30.38,0
-114.91,30.49,0
-114.07,30.60,0
-113.24,30.70,0
-112.40,30.79,0
-111.56,30.88,0
-110.72,30.97,1
-109.87,31.05,1
-109.03,31.13,1
-108.19,31.20,0
-107.34,31.27,0
-106.49,31.33,1
-105.65,31.39,1
-104.80,31.45,1
-103.95,31.50,1
-103.10,31.54,1
-102.25,31.58,1
-101.40,31.62,1
-100.54,31.65,1
-99.69,31.68,1
-98.84,31.70,1
-97.99,31.72,1
-97.13,31.73,1
-96.28,31.74,1
-95.43,31.75,1
-94.57,31.75,1
-93.72,31.74,1
-92.87,31.73,1
-92.01,31.72,1
-91.16,31.70,1
-90.31,31.68,1
-89.46,31.65,1
-88.61,31.62,1
-87.75,31.58,1
-86.90,31.54,1
-86.05,31.50,1
-85.20,31.45,1
-84.36,31.39,1
-83.51,31.33,1
-82.66,31.27,1
-81.82,31.20,1
-80.97,31.13,0
-80.13,31.05,0
-79.28,30.97,0
-78.44,30.88,0
-77.60,30.79,0
-76.76,30.70,0
-75.93,30.60,0
-75.09,30.49,0
-74.26,30.38,0
-73.42,30.27,0
-72.59,30.15,0
-71.76,30.03,0
-70.94,29.90,0
-70.11,29.77,0
-69.29,29.64,0
-68.46,29.50,0
-67.64,29.35,0
-66.83,29.21,0
-66.01,29.05,0
-65.20,28.90,0
-64.38,28.74,0
-63.57,28.57,0
-62.77,28.40,0
-61.96,28.23,0
-137.75,26.51,0
-136.97,26.73,0
-136.19,26.95,0
-135.41,27.17,0
-134.62,27.38,0
-133.84,27.59,0
-133.04,27.80,0
-132.25,28.00,0
-131.45,28.19,0
-130.65,28.38,0
-129.85,28.57,0
-129.05,28.76,0
-128.24,28.93,0
-127.43,29.11,0
-126.62,29.28,0
-125.81,29.45,0
-124.99,29.61,0
-124.17,29.77,0
-123.35,29.92,0
-122.53,30.07,0
-121.70,30.21,0
-120.87,30.35,0
-120.05,30.49,0
-119.22,30.62,0
-118.38,30.75,0
-117.55,30.87,0
-116.71,30.99,0
-115.87,31.10,0
-115.04,31.21,0
-114.19,31.32,0
-113.35,31.42,0
-112.51,31.51,1
-111.66,31.60,1
-110.82,31.69,1
-109.97,31.77,1
-109.12,31.85,1
-108.27,31.92,1
-107.42,31.99,1
-106.57,32.05,1
-105.71,32.11,1
-104.86,32.17,1
-104.00,32.22,1
-103.15,32.27,1
-102.29,32.31,1
-101.44,32.34,1
-100.58,32.38,1
-99.72,32.40,1
-98.86,32.43,1
-98.01,32.44,1
-97.15,32.46,1
-96.29,32.47,1
-95.43,32.47,1
-94.57,32.47,1
-93.71,32.47,1
-92.85,32.46,1
-92.00,32.44,1
-91.14,32.43,1
-90.28,32.40,1
-89.42,32.38,1
-88.56,32.34,1
-87.71,32.31,1
-86.85,32.27,1
-86.00,32.22,1
-85.14,32.17,1
-84.29,32.11,1
-83.44,32.05,1
-82.58,31.99,1
-81.73,31.92,1
-80.88,31.85,0
-80.03,31.77,0
-79.19,31.69,0
-78.34,31.60,0
-77.49,31.51,0
-76.65,31.42,0
-75.81,31.32,0
-74.97,31.21,0
-74.13,31.10,0
-73.29,30.99,0
-72.45,30.87,0
-71.62,30.75,0
-70.79,30.62,0
-69.96,30.49,0
-69.13,30.35,0
-68.30,30.21,0
-67.47,30.07,0
-66.65,29.92,0
-65.83,29.77,0
-65.01,29.61,0
-64.20,29.45,0
-63.38,29.28,0
-62.57,29.11,0
-61.76,28.93,0
-138.01,27.20,0
-137.23,27.43,0
-136.44,27.65,0
-135.65,27.87,0
-134.86,28.08,0
-134.07,28.29,0
-133.27,28.50,0
-132.48,28.70,0
-131.67,28.90,0
-130.87,29.09,0
-130.06,29.28,0
-129.26,29.46,0
-128.44,29.64,0
-127.63,29.82,0
-126.81,29.99,0
-125.99,30.16,0
-125.17,30.32,0
-124.35,30.48,0
-123.52,30.63,0
-122.70,30.78,0
-121.87,30.93,0
-121.04,31.07,0
-120.20,31.20,0
-119.37,31.34,0
-118.53,31.46,0
-117.69,31.59,0
-116.85,31.70,0
-116.01,31.82,0
-115.16,31.93,0
-114.31,32.03,1
-113.47,32.13,1
-112.62,32.23,1
-111.77,32.32,1
-110.92,32.41,1
-110.06,32.49,1
-109.21,32.57,1
-108.35,32.64,1
-107.50,32.71,1
-106.64,32.78,1
-105.78,32.84,1
-104.92,32.89,1
-104.06,32.94,1
-103.20,32.99,1
-102.34,33.03,1
-101.48,33.07,1
-100.62,33.10,1
-99.75,33.13,1
-98.89,33.15,1
-98.03,33.17,1
-97.16,33.18,1
-96.30,33.19,1
-95.43,33.20,1
-94.57,33.20,1
-93.70,33.19,1
-92.84,33.18,1
-91.98,33.17,1
-91.11,33.15,1
-90.25,33.13,1
-89.39,33.10,1
-88.52,33.07,1
-87.66,33.03,1
-86.80,32.99,1
-85.94,32.94,1
-85.08,32.89,1
-84.22,32.84,1
-83.36,32.78,1
-82.50,32.71,1
-81.65,32.64,1
-80.79,32.57,1
-79.94,32.49,0
-79.09,32.41,0
-78.23,32.32,0
-77.38,32.23,0
-76.53,32.13,0
-75.69,32.03,0
-74.84,31.93,0
-74.00,31.82,0
-73.15,31.70,0
-72.31,31.59,0
-71.47,31.46,0
-70.64,31.34,0
-69.80,31.20,0
-68.97,31.07,0
-68.13,30.93,0
-67.30,30.78,0
-66.48,30.63,0
-65.65,30.48,0
-64.83,30.32,0
-64.01,30.16,0
-63.19,29.99,0
-62.37,29.82,0
-61.56,29.64,0
-138.26,27.90,0
-137.48,28.12,0
-136.69,28.35,0
-135.90,28.57,0
-135.10,28.78,0
-134.31,28.99,0
-133.51,29.20,0
-132.70,29.40,0
-131.90,29.60,0
-131.09,29.79,0
-130.28,29.98,0
-129.47,30.17,0
-128.65,30.35,0
-127.83,30.52,0
-127.01,30.70,0
-126.19,30.86,0
-125.36,31.03,0
-124.53,31.19,0
-123.70,31.34,0
-122.87,31.49,0
-122.04,31.64,0
-121.20,31.78,0
-120.36,31.92,0
-119.52,32.05,0
-118.68,32.18,0
-117.83,32.30,0
-116.99,32.42,1
-116.14,32.53,1
-115.29,32.65,1
-114.44,32.75,1
-113.58,32.85,1
-112.73,32.95,1
-111.87,33.04,1
-111.02,33.13,1
-110.16,33.21,1
-109.30,33.29,1
-108.44,33.36,1
-107.58,33.43,1
-106.71,33.50,1
-105.85,33.56,1
-104.99,33.61,1
-104.12,33.66,1
-103.25,33.71,1
-102.39,33.75,1
-101.52,33.79,1
-100.65,33.82,1
-99.78,33.85,1
-98.91,33.87,1
-98.04,33.89,1
-97.18,33.90,1
-96.31,33.91,1
-95.44,33.92,1
-94.57,33.92,1
-93.70,33.91,1
-92.83,33.90,1
-91.96,33.89,1
-91.09,33.87,1
-90.22,33.85,1
-89.35,33.82,1
-88.48,33.79,1
-87.61,33.75,1
-86.75,33.71,1
-85.88,33.66,1
-85.02,33.61,1
-84.15,33.56,1
-83.29,33.50,1
-82.42,33.43,1
-81.56,33.36,1
-80.70,33.29,1
-79.84,33.21,1
-78.98,33.13,0
-78.13,33.04,0
-77.27,32.95,0
-76.42,32.85,0
-75.56,32.75,0
-74.71,32.65,0
-73.86,32.54,0
-73.02,32.42,0
-72.17,32.30,0
-71.32,32.18,0
-70.48,32.05,0
-69.64,31.92,0
-68.80,31.78,0
-67.97,31.64,0
-67.13,31.49,0
-66.30,31.34,0
-65.47,31.19,0
-64.64,31.03,0
-63.81,30.86,0
-62.99,30.70,0
-62.17,30.52,0
-61.35,30.35,0
-138.53,28.59,0
-137.74,28.82,0
-136.94,29.04,0
-136.15,29.26,0
-135.35,29.48,0
-134.55,29.69,0
-133.74,29.90,0
-132.93,30.10,0
-132.12,30.30,0
-131.31,30.49,0
-130.50,30.68,0
-129.68,30.87,0
-128.86,31.05,0
-128.03,31.23,0
-127.21,31.40,0
-126.38,31.57,0
-125.55,31.74,0
-124.72,31.90,0
-123.88,32.05,0
-123.04,32.20,0
-122.21,32.35,0
-121.36,32.49,0
-120.52,32.63,0
-119.67,32.76,0
-118.83,32.89,0
-117.98,33.01,0
-117.13,33.13,1
-116.27,33.25,1
-115.42,33.36,1
-114.56,33.47,1
-113.70,33.57,1
-112.84,33.67,1
-111.98,33.76,1
-111.12,33.85,1
-110.26,33.93,1
-109.39,34.01,1
-108.52,34.08,1
-107.66,34.15,1
-106.79,34.22,1
-105.92,34.28,1
-105.05,34.33,1
-104.18,34.38,1
-103.31,34.43,1
-102.43,34.47,1
-101.56,34.51,1
-100.69,34.54,1
-99.81,34.57,1
-98.94,34.59,1
-98.06,34.61,1
-97.19,34.63,1
-96.31,34.63,1
-95.44,34.64,1
-94.56,34.64,1
-93.69,34.63,1
-92.81,34.63,1
-91.94,34.61,1
-91.06,34.59,1
-90.19,34.57,1
-89.31,34.54,1
-88.44,34.51,1
-87.57,34.47,1
-86.69,34.43,1
-85.82,34.38,1
-84.95,34.33,1
-84.08,34.28,1
-83.21,34.22,1
-82.34,34.15,1
-81.48,34.08,1
-80.61,34.01,1
-79.75,33.93,1
-78.88,33.85,1
-78.02,33.76,0
-77.16,33.67,0
-76.30,33.57,0
-75.44,33.47,0
-74.58,33.36,0
-73.73,33.25,0
-72.88,33.13,0
-72.02,33.02,0
-71.17,32.89,0
-70.33,32.76,0
-69.48,32.63,0
-68.64,32.49,0
-67.80,32.35,0
-66.96,32.20,0
-66.12,32.05,0
-65.28,31.90,0
-64.45,31.74,0
-63.62,31.57,0
-62.79,31.40,0
-61.97,31.23,0
-61.14,31.05,0
-138.79,29.28,0
-138.00,29.51,0
-137.20,29.74,0
-136.40,29.96,0
-135.60,30.17,0
-134.79,30.39,0
-133.98,30.59,0
-133.17,30.80,0
-132.35,31.00,0
-131.54,31.19,0
-130.72,31.39,0
-129.89,31.57,0
-129.07,31.76,0
-128.24,31.93,0
-127.41,32.11,0
-126.58,32.28,0
-125.74,32.44,0
-124.90,32.60,0
-124.06,32.76,0
-123.22,32.91,0
-122.38,33.06,0
-121.53,33.20,0
-120.68,33.34,0
-119.83,33.47,0
-118.98,33.60,0
-118.12,33.73,1
-117.27,33.85,1
-116.41,33.96,1
-115.55,34.07,1
-114.69,34.18,1
-113.82,34.28,1
-112.96,34.38,1
-112.09,34.47,1
-111.22,34.56,1
-110.35,34.65,1
-109.48,34.72,1
-108.61,34.80,1
-107.74,34.87,1
-106.87,34.93,1
-105.99,34.99,1
-105.11,35.05,1
-104.24,35.10,1
-103.36,35.15,1
-102.48,35.19,1
-101.60,35.23,1
-100.72,35.26,1
-99.84,35.29,1
-98.96,35.31,1
-98.08,35.33,1
-97.20,35.34,1
-96.32,35.35,1
-95.44,35.36,1
-94.56,35.36,1
-93.68,35.35,1
-92.80,35.34,1
-91.92,35.33,1
-91.04,35.31,1
-90.16,35.29,1
-89.28,35.26,1
-88.40,35.23,1
-87.52,35.19,1
-86.64,35.15,1
-85.76,35.10,1
-84.89,35.05,1
-84.01,35.00,1
-83.14,34.93,1
-82.26,34.87,1
-81.39,34.80,1
-80.52,34.72,1
-79.65,34.65,1
-78.78,34.56,1
-77.91,34.47,1
-77.04,34.38,0
-76.18,34.28,0
-75.32,34.18,0
-74.45,34.07,0
-73.59,33.96,0
-72.73,33.85,0
-71.88,33.73,0
-71.02,33.60,0
-70.17,33.47,0
-69.32,33.34,0
-68.47,33.20,0
-67.62,33.06,0
-66.78,32.91,0
-65.94,32.76,0
-65.10,32.60,0
-64.26,32.44,0
-63.42,32.28,0
-62.59,32.11,0
-61.76,31.93,0
-60.93,31.76,0
-139.06,29.97,0
-138.26,30.20,0
-137.46,30.43,0
-136.65,30.65,0
-135.84,30.87,0
-135.03,31.08,0
-134.22,31.29,0
-133.41,31.50,0
-132.59,31.70,0
-131.76,31.89,0
-130.94,32.09,0
-130.11,32.27,0
-129.28,32.46,0
-128.45,32.64,0
-127.61,32.81,0
-126.78,32.98,0
-125.94,33.15,0
-125.09,33.31,0
-124.25,33.47,0
-123.40,33.62,0
-122.55,33.77,0
-121.70,33.91,0
-120.85,34.05,0
-119.99,34.18,1
-119.13,34.31,1
-118.27,34.44,1
-117.41,34.56,1
-116.55,34.68,1
-115.68,34.79,1
-114.81,34.89,1
-113.94,35.00,1
-113.07,35.09,1
-112.20,35.19,1
-111.33,35.28,1
-110.45,35.36,1
-109.58,35.44,1
-108.70,35.51,1
-107.82,35.58,1
-106.94,35.65,1
-106.06,35.71,1
-105.18,35.77,1
-104.30,35.82,1
-103.42,35.87,1
-102.53,35.91,1
-101.65,35.95,1
-100.76,35.98,1
-99.88,36.01,1
-98.99,36.03,1
-98.10,36.05,1
-97.22,36.06,1
-96.33,36.07,1
-95.44,36.08,1
-94.56,36.08,1
-93.67,36.07,1
-92.78,36.06,1
-91.90,36.05,1
-91.01,36.03,1
-90.13,36.01,1
-89.24,35.98,1
-88.35,35.95,1
-87.47,35.91,1
-86.59,35.87,1
-85.70,35.82,1
-84.82,35.77,1
-83.94,35.71,1
-83.06,35.65,1
-82.18,35.58,1
-81.30,35.51,1
-80.42,35.44,1
-79.55,35.36,1
-78.67,35.28,1
-77.80,35.19,1
-76.93,35.09,0
-76.06,35.00,0
-75.19,34.89,0
-74.32,34.79,0
-73.46,34.68,0
-72.59,34.56,0
-71.73,34.44,0
-70.87,34.31,0
-70.01,34.18,0
-69.16,34.05,0
-68.30,33.91,0
-67.45,33.77,0
-66.60,33.62,0
-65.75,33.47,0
-64.91,33.31,0
-64.06,33.15,0
-63.22,32.98,0
-62.39,32.81,0
-61.55,32.64,0
-60.72,32.46,0
-139.33,30.66,0
-138.52,30.89,0
-137.72,31.12,0
-136.91,31.34,0
-136.10,31.56,0
-135.28,31.78,0
-134.47,31.99,0
-133.64,32.19,0
-132.82,32.39,0
-131.99,32.59,0
-131.17,32.79,0
-130.33,32.97,0
-129.50,33.16,0
-128.66,33.34,0
-127.82,33.51,0
-126.98,33.68,0
-126.13,33.85,0
-125.29,34.01,0
-124.44,34.17,0
-123.58,34.32,0
-122.73,34.47,0
-121.87,34.62,0
-121.01,34.76,1
-120.15,34.89,1
-119.29,35.02,1
-118.42,35.15,1
-117.55,35.27,1
-116.69,35.39,1
-115.81,35.50,1
-114.94,35.61,1
-114.07,35.71,1
-113.19,35.81,1
-112.31,35.90,1
-111.43,35.99,1
-110.55,36.07,1
-109.67,36.15,1
-108.79,36.23,1
-107.91,36.30,1
-107.02,36.36,1
-106.13,36.43,1
-105.25,36.48,1
-104.36,36.53,1
-103.47,36.58,1
-102.58,36.62,1
-101.69,36.66,1
-100.80,36.69,1
-99.91,36.72,1
-99.02,36.75,1
-98.12,36.76,1
-97.23,36.78,1
-96.34,36.79,1
-95.45,36.79,1
-94.55,36.79,1
-93.66,36.79,1
-92.77,36.78,1
-91.88,36.76,1
-90.98,36.75,1
-90.09,36.72,1
-89.20,36.69,1
-88.31,36.66,1
-87.42,36.62,1
-86.53,36.58,1
-85.64,36.53,1
-84.75,36.48,1
-83.87,36.43,1
-82.98,36.36,1
-82.10,36.30,1
-81.21,36.23,1
-80.33,36.15,1
-79.45,36.07,1
-78.57,35.99,1
-77.69,35.90,1
-76.81,35.81,0
-75.93,35.71,0
-75.06,35.61,0
-74.19,35.50,0
-73.32,35.39,0
-72.45,35.27,0
-71.58,35.15,0
-70.71,35.02,0
-69.85,34.89,0
-68.99,34.76,0
-68.13,34.62,0
-67.27,34.47,0
-66.42,34.32,0
-65.57,34.17,0
-64.72,34.01,0
-63.87,33.85,0
-63.02,33.68,0
-62.18,33.51,0
-61.34,33.34,0
-60.50,33.16,0
-139.60,31.35,0
-138.79,31.58,0
-137.98,31.81,0
-137.17,32.03,0
-136.35,32.25,0
-135.53,32.47,0
-134.71,32.68,0
-133.89,32.89,0
-133.06,33.09,0
-132.23,33.29,0
-131.39,33.48,0
-130.56,33.67,0
-129.72,33.86,0
-128.88,34.04,0
-128.03,34.21,0
-127.18,34.39,0
-126.33,34.55,0
-125.48,34.72,0
-124.62,34.87,0
-123.77,35.03,0
-122.91,35.18,0
-122.04,35.32,0
-121.18,35.46,1
-120.31,35.60,1
-119.44,35.73,1
-118.57,35.85,1
-117.70,35.98,1
-116.83,36.09,1
-115.95,36.21,1
-115.07,36.31,1
-114.19,36.42,1
-113.31,36.52,1
-112.43,36.61,1
-111.54,36.70,1
-110.66,36.78,1
-109.77,36.86,1
-108.88,36.94,1
-107.99,37.01,1
-107.10,37.08,1
-106.21,37.14,1
-105.32,37.19,1
-104.42,37.25,1
-103.53,37.29,1
-102.63,37.34,1
-101.73,37.37,1
-100.84,37.41,1
-99.94,37.44,1
-99.04,37.46,1
-98.15,37.48,1
-97.25,37.49,1
-96.35,37.50,1
-95.45,37.51,1
-94.55,37.51,1
-93.65,37.50,1
-92.75,37.49,1
-91.86,37.48,1
-90.96,37.46,1
-90.06,37.44,1
-89.16,37.41,1
-88.27,37.37,1
-87.37,37.34,1
-86.47,37.29,1
-85.58,37.25,1
-84.69,37.19,1
-83.79,37.14,1
-82.90,37.08,1
-82.01,37.01,1
-81.12,36.94,1
-80.23,36.86,1
-79.34,36.78,1
-78.46,36.70,1
-77.57,36.61,1
-76.69,36.52,1
-75.81,36.42,0
-74.93,36.31,0
-74.05,36.21,0
-73.17,36.09,0
-72.30,35.98,0
-71.43,35.86,0
-70.56,35.73,0
-69.69,35.60,0
-68.82,35.46,0
-67.96,35.32,0
-67.09,35.18,0
-66.23,35.03,0
-65.38,34.87,0
-64.52,34.72,0
-63.67,34.55,0
-62.82,34.39,0
-61.97,34.21,0
-61.13,34.04,0
-60.28,33.86,0
-139.88,32.04,0
-139.06,32.27,0
-138.25,32.50,0
-137.43,32.72,0
-136.61,32.94,0
-135.79,33.16,0
-134.96,33.37,0
-134.13,33.58,0
-133.30,33.78,0
-132.46,33.98,0
-131.63,34.18,0
-130.78,34.37,0
-129.94,34.55,0
-129.09,34.74,0
-128.24,34.91,0
-127.39,35.09,0
-126.53,35.25,0
-125.68,35.42,0
-124.82,35.58,0
-123.95,35.73,0
-123.09,35.88,0
-122.22,36.03,1
-121.35,36.17,1
-120.48,36.30,1
-119.60,36.43,1
-118.73,36.56,1
-117.85,36.68,1
-116.97,36.80,1
-116.09,36.91,1
-115.20,37.02,1
-114.32,37.13,1
-113.43,37.22,1
-112.54,37.32,1
-111.65,37.41,1
-110.76,37.49,1
-109.87,37.57,1
-108.97,37.65,1
-108.08,37.72,1
-107.18,37.79,1
-106.28,37.85,1
-105.38,37.91,1
-104.48,37.96,1
-103.58,38.00,1
-102.68,38.05,1
-101.78,38.09,1
-100.88,38.12,1
-99.97,38.15,1
-99.07,38.17,1
-98.17,38.19,1
-97.26,38.20,1
-96.36,38.21,1
-95.45,38.22,1
-94.55,38.22,1
-93.64,38.21,1
-92.74,38.20,1
-91.84,38.19,1
-90.93,38.17,1
-90.03,38.15,1
-89.12,38.12,1
-88.22,38.09,1
-87.32,38.05,1
-86.42,38.00,1
-85.52,37.96,1
-84.62,37.91,1
-83.72,37.85,1
-82.82,37.79,1
-81.92,37.72,1
-81.03,37.65,1
-80.13,37.57,1
-79.24,37.49,1
-78.35,37.41,1
-77.46,37.32,1
-76.57,37.22,0
-75.68,37.13,0
-74.80,37.02,0
-73.91,36.91,0
-73.03,36.80,0
-72.15,36.68,0
-71.27,36.56,0
-70.40,36.43,0
-69.52,36.30,0
-68.65,36.17,0
-67.78,36.03,0
-66.91,35.88,0
-66.05,35.73,0
-65.19,35.58,0
-64.33,35.42,0
-63.47,35.25,0
-62.61,35.09,0
-61.76,34.91,0
-60.91,34.74,0
-60.06,34.56,0
-140.15,32.72,0
-139.34,32.96,0
-138.52,33.19,0
-137.70,33.41,0
-136.87,33.63,0
-136.05,33.85,0
-135.22,34.06,0
-134.38,34.27,0
-133.54,34.48,0
-132.70,34.68,0
-131.86,34.87,0
-131.01,35.06,0
-130.16,35.25,0
-129.31,35.43,0
-128.46,35.61,0
-127.60,35.78,0
-126.74,35.95,0
-125.88,36.12,0
-125.01,36.28,0
-124.14,36.43,0
-123.27,36.58,0
-122.40,36.73,1
-121.52,36.87,1
-120.65,37.00,1
-119.77,37.14,1
-118.88,37.26,1
-118.00,37.39,1
-117.11,37.50,1
-116.23,37.62,1
-115.34,37.73,1
-114.45,37.83,1
-113.55,37.93,1
-112.66,38.03,1
-111.76,38.12,1
-110.87,38.20,1
-109.97,38.28,1
-109.07,38.36,1
-108.16,38.43,1
-107.26,38.50,1
-106.36,38.56,1
-105.45,38.61,1
-104.55,38.67,1
-103.64,38.71,1
-102.73,38.76,1
-101.83,38.79,1
-100.92,38.83,1
-100.01,38.86,1
-99.10,38.88,1
-98.19,38.90,1
-97.28,38.91,1
-96.37,38.92,1
-95.46,38.93,1
-94.55,38.93,1
-93.63,38.92,1
-92.72,38.91,1
-91.81,38.90,1
-90.90,38.88,1
-89.99,38.86,1
-89.08,38.83,1
-88.18,38.79,1
-87.27,38.76,1
-86.36,38.71,1
-85.45,38.67,1
-84.55,38.61,1
-83.64,38.56,1
-82.74,38.50,1
-81.84,38.43,1
-80.94,38.36,1
-80.04,38.28,1
-79.14,38.20,1
-78.24,38.12,1
-77.34,38.03,0
-76.45,37.93,0
-75.56,37.83,0
-74.66,37.73,0
-73.77,37.62,0
-72.89,37.51,0
-72.00,37.39,0
-71.12,37.26,0
-70.24,37.14,0
-69.36,37.00,0
-68.48,36.87,0
-67.60,36.73,0
-66.73,36.58,0
-65.86,36.43,0
-64.99,36.28,0
-64.13,36.12,0
-63.26,35.95,0
-62.40,35.78,0
-61.55,35.61,0
-60.69,35.43,0
-59.84,35.25,0
-140.44,33.40,0
-139.62,33.64,0
-138.80,33.87,0
-137.97,34.10,0
-137.14,34.32,0
-136.31,34.54,0
-135.47,34.75,0
-134.63,34.96,0
-133.79,35.17,0
-132.94,35.37,0
-132.10,35.57,0
-131.24,35.76,0
-130.39,35.94,0
-129.53,36.13,0
-128.67,36.31,0
-127.81,36.48,0
-126.94,36.65,0
-126.08,36.81,0
-125.21,36.97,0
-124.33,37.13,0
-123.46,37.28,0
-122.58,37.43,1
-121.70,37.57,1
-120.81,37.71,1
-119.93,37.84,1
-119.04,37.97,1
-118.15,38.09,1
-117.26,38.21,1
-116.37,38.32,1
-115.47,38.43,1
-114.58,38.53,1
-113.68,38.63,1
-112.78,38.73,1
-111.88,38.82,1
-110.97,38.91,1
-110.07,38.99,1
-109.16,39.06,1
-108.25,39.13,1
-107.34,39.20,1
-106.43,39.26,1
-105.52,39.32,1
-104.61,39.37,1
-103.70,39.42,1
-102.79,39.46,1
-101.87,39.50,1
-100.96,39.53,1
-100.04,39.56,1
-99.13,39.59,1
-98.21,39.61,1
-97.29,39.62,1
-96.38,39.63,1
-95.46,39.64,1
-94.54,39.64,1
-93.63,39.63,1
-92.71,39.62,1
-91.79,39.61,1
-90.88,39.59,1
-89.96,39.56,1
-89.04,39.53,1
-88.13,39.50,1
-87.22,39.46,1
-86.30,39.42,1
-85.39,39.37,1
-84.48,39.32,1
-83.57,39.26,1
-82.66,39.20,1
-81.75,39.13,1
-80.84,39.06,1
-79.93,38.99,1
-79.03,38.91,1
-78.13,38.82,1
-77.22,38.73,1
-76.32,38.63,1
-75.43,38.53,0
-74.53,38.43,0
-73.63,38.32,0
-72.74,38.21,0
-71.85,38.09,0
-70.96,37.97,0
-70.07,37.84,0
-69.19,37.71,0
-68.30,37.57,0
-67.42,37.43,0
-66.54,37.28,0
-65.67,37.13,0
-64.80,36.97,0
-63.92,36.81,0
-63.06,36.65,0
-62.19,36.48,0
-61.33,36.31,0
-60.47,36.13,0
-59.61,35.94,0
-140.72,34.09,0
-139.90,34.32,0
-139.07,34.56,0
-138.24,34.78,0
-137.41,35.01,0
-136.57,35.23,0
-135.73,35.44,0
-134.89,35.65,0
-134.04,35.86,0
-133.19,36.06,0
-132.34,36.26,0
-131.48,36.45,0
-130.62,36.64,0
-129.76,36.82,0
-128.89,37.00,0
-128.03,37.17,0
-127.15,37.34,0
-126.28,37.51,0
-125.40,37.67,0
-124.53,37.83,0
-123.64,37.98,0
-122.76,38.12,1
-121.87,38.27,1
-120.99,38.40,1
-120.10,38.54,1
-119.20,38.66,1
-118.31,38.79,1
-117.41,38.91,1
-116.51,39.02,1
-115.61,39.13,1
-114.71,39.24,1
-113.80,39.34,1
-112.90,39.43,1
-111.99,39.52,1
-111.08,39.61,1
-110.17,39.69,1
-109.26,39.77,1
-108.34,39.84,1
-107.43,39.90,1
-106.51,39.97,1
-105.59,40.02,1
-104.68,40.08,1
-103.76,40.12,1
-102.84,40.17,1
-101.92,40.21,1
-101.00,40.24,1
-100.08,40.27,1
-99.15,40.29,1
-98.23,40.31,1
-97.31,40.33,1
-96.39,40.34,1
-95.46,40.34,1
-94.54,40.34,1
-93.62,40.34,1
-92.69,40.33,1
-91.77,40.31,1
-90.85,40.29,1
-89.93,40.27,1
-89.00,40.24,1
-88.08,40.21,1
-87.16,40.17,1
-86.24,40.12,1
-85.32,40.08,1
-84.41,40.02,1
-83.49,39.97,1
-82.57,39.90,1
-81.66,39.84,1
-80.75,39.77,1
-79.83,39.69,1
-78.92,39.61,1
-78.01,39.52,1
-77.10,39.43,1
-76.20,39.34,1
-75.29,39.24,1
-74.39,39.13,0
-73.49,39.02,0
-72.59,38.91,0
-71.69,38.79,0
-70.80,38.66,0
-69.91,38.54,0
-69.02,38.40,0
-68.13,38.27,0
-67.24,38.12,0
-66.36,37.98,0
-65.48,37.83,0
-64.60,37.67,0
-63.72,37.51,0
-62.85,37.34,0
-61.98,37.17,0
-61.11,37.00,0
-60.24,36.82,0
-59.38,36.64,0
-141.01,34.77,0
-140.19,35.00,0
-139.35,35.24,0
-138.52,35.47,0
-137.68,35.69,0
-136.84,35.91,0
-135.99,36.13,0
-135.14,36.34,0
-134.29,36.54,0
-133.44,36.75,0
-132.58,36.94,0
-131.72,37.14,0
-130.85,37.33,0
-129.99,37.51,0
-129.12,37.69,0
-128.24,37.86,0
-127.37,38.04,0
-126.49,38.20,0
-125.61,38.36,0
-124.72,38.52,0
-123.84,38.67,1
-122.95,38.82,1
-122.05,38.96,1
-121.16,39.10,1
-120.26,39.23,1
-119.37,39.36,1
-118.46,39.49,1
-117.56,39.60,1
-116.66,39.72,1
-115.75,39.83,1
-114.84,39.93,1
-113.93,40.04,1
-113.02,40.13,1
-112.10,40.22,1
-111.19,40.31,1
-110.27,40.39,1
-109.35,40.47,1
-108.43,40.54,1
-107.51,40.61,1
-106.59,40.67,1
-105.67,40.73,1
-104.74,40.78,1
-103.82,40.83,1
-102.89,40.87,1
-101.97,40.91,1
-101.04,40.94,1
-100.11,40.97,1
-99.18,40.99,1
-98.25,41.01,1
-97.32,41.03,1
-96.39,41.04,1
-95.47,41.04,1
-94.54,41.04,1
-93.61,41.04,1
-92.68,41.03,1
-91.75,41.01,1
-90.82,40.99,1
-89.89,40.97,1
-88.96,40.94,1
-88.04,40.91,1
-87.11,40.87,1
-86.18,40.83,1
-85.26,40.78,1
-84.33,40.73,1
-83.41,40.67,1
-82.49,40.61,1
-81.57,40.54,1
-80.65,40.47,1
-79.73,40.39,1
-78.81,40.31,1
-77.90,40.22,1
-76.98,40.13,1
-76.07,40.04,1
-75.16,39.93,1
-74.25,39.83,0
-73.35,39.72,0
-72.44,39.61,0
-71.54,39.49,0
-70.64,39.36,0
-69.74,39.23,0
-68.84,39.10,0
-67.95,38.96,0
-67.06,38.82,0
-66.17,38.67,0
-65.28,38.52,0
-64.40,38.36,0
-63.51,38.20,0
-62.63,38.04,0
-61.76,37.87,0
-60.89,37.69,0
-60.02,37.51,0
-59.15,37.33,0
-141.31,35.44,0
-140.48,35.68,0
-139.64,35.92,0
-138.80,36.15,0
-137.96,36.37,0
-137.11,36.59,0
-136.26,36.81,0
-135.41,37.02,0
-134.55,37.23,0
-133.69,37.43,0
-132.83,37.63,0
-131.96,37.82,0
-131.09,38.01,0
-130.22,38.20,0
-129.34,38.38,0
-128.46,38.55,0
-127.58,38.73,0
-126.70,38.89,0
-125.81,39.05,0
-124.92,39.21,0
-124.03,39.36,1
-123.13,39.51,1
-122.24,39.65,1
-121.34,39.79,1
-120.43,39.93,1
-119.53,40.06,1
-118.62,40.18,1
-117.71,40.30,1
-116.80,40.42,1
-115.89,40.53,1
-114.98,40.63,1
-114.06,40.73,1
-113.14,40.83,1
-112.22,40.92,1
-111.30,41.01,1
-110.38,41.09,1
-109.45,41.16,1
-108.53,41.24,1
-107.60,41.30,1
-106.67,41.37,1
-105.74,41.42,1
-104.81,41.48,1
-103.88,41.52,1
-102.95,41.57,1
-102.01,41.61,1
-101.08,41.64,1
-100.15,41.67,1
-99.21,41.69,1
-98.28,41.71,1
-97.34,41.73,1
-96.40,41.74,1
-95.47,41.74,1
-94.53,41.74,1
-93.60,41.74,1
-92.66,41.73,1
-91.73,41.71,1
-90.79,41.69,1
-89.86,41.67,1
-88.92,41.64,1
-87.99,41.61,1
-87.06,41.57,1
-86.12,41.53,1
-85.19,41.48,1
-84.26,41.42,1
-83.33,41.37,1
-82.40,41.30,1
-81.48,41.24,1
-80.55,41.16,1
-79.63,41.09,1
-78.70,41.01,1
-77.78,40.92,1
-76.86,40.83,1
-75.94,40.73,1
-75.03,40.63,1
-74.11,40.53,0
-73.20,40.42,0
-72.29,40.30,0
-71.38,40.18,0
-70.47,40.06,0
-69.57,39.93,0
-68.67,39.79,0
-67.77,39.65,0
-66.87,39.51,0
-65.97,39.36,0
-65.08,39.21,0
-64.19,39.05,0
-63.30,38.89,0
-62.42,38.73,0
-61.54,38.55,0
-60.66,38.38,0
-59.78,38.20,0
-58.91,38.01,0
-141.61,36.12,0
-140.77,36.36,0
-139.93,36.59,0
-139.08,36.82,0
-138.23,37.05,0
-137.38,37.27,0
-136.53,37.49,0
-135.67,37.70,0
-134.81,37.91,0
-133.94,38.11,0
-133.07,38.31,0
-132.20,38.51,0
-131.33,38.70,0
-130.45,38.88,0
-129.57,39.06,0
-128.69,39.24,0
-127.80,39.41,0
-126.91,39.58,0
-126.02,39.74,0
-125.12,39.90,0
-124.22,40.05,1
-123.32,40.20,1
-122.42,40.35,1
-121.51,40.48,1
-120.61,40.62,1
-119.70,40.75,1
-118.78,40.87,1
-117.87,40.99,1
-116.95,41.11,1
-116.03,41.22,1
-115.11,41.32,1
-114.19,41.43,1
-113.27,41.52,1
-112.34,41.61,1
-111.41,41.70,1
-110.48,41.78,1
-109.55,41.86,1
-108.62,41.93,1
-107.69,42.00,1
-106.75,42.06,1
-105.81,42.12,1
-104.88,42.17,1
-103.94,42.22,1
-103.00,42.26,1
-102.06,42.30,1
-101.12,42.34,1
-100.18,42.37,1
-99.24,42.39,1
-98.30,42.41,1
-97.36,42.42,1
-96.41,42.43,1
-95.47,42.44,1
-94.53,42.44,1
-93.59,42.43,1
-92.65,42.42,1
-91.70,42.41,1
-90.76,42.39,1
-89.82,42.37,1
-88.88,42.34,1
-87.94,42.30,1
-87.00,42.26,1
-86.06,42.22,1
-85.12,42.17,1
-84.19,42.12,1
-83.25,42.06,0
-82.32,42.00,0
-81.38,41.93,1
-80.45,41.86,1
-79.52,41.78,1
-78.59,41.70,1
-77.66,41.61,1
-76.74,41.52,1
-75.81,41.43,1
-74.89,41.32,1
-73.97,41.22,1
-73.05,41.11,1
-72.13,40.99,0
-71.22,40.87,0
-70.31,40.75,0
-69.39,40.62,0
-68.49,40.48,0
-67.58,40.35,0
-66.68,40.20,0
-65.78,40.05,0
-64.88,39.90,0
-63.98,39.74,0
-63.09,39.58,0
-62.20,39.41,0
-61.32,39.24,0
-60.43,39.07,0
-59.55,38.88,0
-58.67,38.70,0
-141.91,36.79,0
-141.06,37.03,0
-140.22,37.27,0
-139.37,37.50,0
-138.52,37.73,0
-137.66,37.95,0
-136.80,38.17,0
-135.94,38.38,0
-135.07,38.59,0
-134.20,38.80,0
-133.33,39.00,0
-132.45,39.19,0
-131.57,39.38,0
-130.69,39.57,0
-129.80,39.75,0
-128.91,39.93,0
-128.02,40.10,0
-127.12,40.27,0
-126.23,40.43,0
-125.33,40.59,0
-124.42,40.74,1
-123.52,40.89,1
-122.61,41.03,1
-121.70,41.17,1
-120.78,41.31,1
-119.87,41.44,1
-118.95,41.56,1
-118.03,41.68,1
-117.10,41.80,1
-116.18,41.91,1
-115.25,42.02,1
-114.32,42.12,1
-113.39,42.21,1
-112.46,42.31,1
-111.53,42.39,1
-110.59,42.47,1
-109.65,42.55,1
-108.71,42.62,1
-107.77,42.69,1
-106.83,42.75,1
-105.89,42.81,1
-104.95,42.87,1
-104.00,42.91,1
-103.06,42.96,1
-102.11,43.00,1
-101.16,43.03,1
-100.22,43.06,1
-99.27,43.08,1
-98.32,43.10,1
-97.37,43.12,1
-96.42,43.13,1
-95.48,43.13,1
-94.53,43.13,1
-93.58,43.13,1
-92.63,43.12,1
-91.68,43.10,1
-90.73,43.08,1
-89.78,43.06,1
-88.84,43.03,1
-87.89,43.00,1
-86.94,42.96,1
-86.00,42.91,1
-85.05,42.87,1
-84.11,42.81,1
-83.17,42.75,1
-82.23,42.69,0
-81.29,42.62,0
-80.35,42.55,0
-79.41,42.47,1
-78.48,42.39,1
-77.54,42.31,1
-76.61,42.21,1
-75.68,42.12,1
-74.75,42.02,1
-73.82,41.91,1
-72.90,41.80,1
-71.98,41.68,1
-71.05,41.56,0
-70.14,41.44,0
-69.22,41.31,0
-68.31,41.17,0
-67.39,41.03,0
-66.49,40.89,0
-65.58,40.74,0
-64.68,40.59,0
-63.77,40.43,0
-62.88,40.27,0
-61.98,40.10,0
-61.09,39.93,0
-60.20,39.75,0
-59.31,39.57,0
-58.43,39.38,0
-142.21,37.47,0
-141.36,37.71,0
-140.51,37.94,0
-139.66,38.17,0
-138.80,38.40,0
-137.94,38.63,0
-137.08,38.84,0
-136.21,39.06,0
-135.34,39.27,0
-134.46,39.47,0
-133.58,39.67,0
-132.70,39.87,0
-131.82,40.06,0
-130.93,40.25,0
-130.04,40.43,0
-129.14,40.61,0
-128.24,40.78,0
-127.34,40.95,0
-126.44,41.11,0
-125.53,41.27,0
-124.62,41.42,0
-123.71,41.57,1
-122.80,41.72,1
-121.88,41.86,1
-120.96,41.99,1
-120.04,42.12,1
-119.11,42.25,1
-118.19,42.37,1
-117.26,42.49,1
-116.33,42.60,1
-115.39,42.70,1
-114.46,42.80,1
-113.52,42.90,1
-112.58,42.99,1
-111.64,43.08,1
-110.70,43.16,1
-109.75,43.24,1
-108.81,43.31,1
-107.86,43.38,1
-106.92,43.44,1
-105.97,43.50,1
-105.02,43.56,1
-104.07,43.61,1
-103.11,43.65,1
-102.16,43.69,1
-101.21,43.72,1
-100.25,43.75,1
-99.30,43.78,1
-98.34,43.79,1
-97.39,43.81,1
-96.43,43.82,1
-95.48,43.82,1
-94.52,43.82,1
-93.57,43.82,1
-92.61,43.81,1
-91.66,43.79,1
-90.70,43.78,1
-89.75,43.75,1
-88.79,43.72,1
-87.84,43.69,1
-86.89,43.65,1
-85.94,43.61,1
-84.98,43.56,1
-84.03,43.50,1
-83.09,43.44,1
-82.14,43.38,0
-81.19,43.31,0
-80.25,43.24,0
-79.30,43.16,1
-78.36,43.08,1
-77.42,42.99,1
-76.48,42.90,1
-75.54,42.81,1
-74.61,42.70,1
-73.68,42.60,1
-72.75,42.49,1
-71.82,42.37,1
-70.89,42.25,0
-69.96,42.12,0
-69.04,41.99,0
-68.12,41.86,0
-67.21,41.72,0
-66.29,41.57,0
-65.38,41.42,0
-64.47,41.27,0
-63.56,41.11,0
-62.66,40.95,0
-61.76,40.78,0
-60.86,40.61,0
-59.97,40.43,0
-59.07,40.25,0
-58.19,40.06,0
-142.52,38.13,0
-141.67,38.38,0
-140.81,38.61,0
-139.95,38.85,0
-139.09,39.07,0
-138.23,39.30,0
-137.36,39.52,0
-136.48,39.73,0
-135.61,39.94,0
-134.73,40.15,0
-133.84,40.35,0
-132.96,40.55,0
-132.06,40.74,0
-131.17,40.93,0
-130.27,41.11,0
-129.37,41.29,0
-128.47,41.46,0
-127.56,41.63,0
-126.65,41.79,0
-125.74,41.95,0
-124.83,42.11,0
-123.91,42.26,1
-122.99,42.40,1
-122.06,42.54,1
-121.14,42.68,1
-120.21,42.81,1
-119.28,42.93,1
-118.35,43.05,1
-117.41,43.17,1
-116.47,43.28,1
-115.53,43.39,1
-114.59,43.49,1
-113.65,43.59,1
-112.70,43.68,1
-111.76,43.77,1
-110.81,43.85,1
-109.86,43.93,1
-108.91,44.00,1
-107.95,44.07,1
-107.00,44.13,1
-106.04,44.19,1
-105.09,44.24,1
-104.13,44.29,1
-103.17,44.34,1
-102.21,44.38,1
-101.25,44.41,1
-100.29,44.44,1
-99.33,44.46,1
-98.37,44.48,1
-97.41,44.50,1
-96.44,44.51,1
-95.48,44.51,1
-94.52,44.51,1
-93.56,44.51,1
-92.59,44.50,1
-91.63,44.48,1
-90.67,44.46,1
-89.71,44.44,1
-88.75,44.41,1
-87.79,44.38,1
-86.83,44.34,1
-85.87,44.29,1
-84.91,44.24,1
-83.96,44.19,1
-83.00,44.13,1
-82.05,44.07,0
-81.09,44.00,0
-80.14,43.93,0
-79.19,43.85,0
-78.24,43.77,0
-77.30,43.68,0
-76.35,43.59,1
-75.41,43.49,1
-74.47,43.39,1
-73.53,43.28,1
-72.59,43.17,1
-71.65,43.05,1
-70.72,42.93,0
-69.79,42.81,0
-68.86,42.68,0
-67.94,42.54,0
-67.01,42.40,0
-66.09,42.26,0
-65.17,42.11,0
-64.26,41.95,0
-63.35,41.79,0
-62.44,41.63,0
-61.53,41.46,0
-60.63,41.29,0
-59.73,41.11,0
-58.83,40.93,0
-57.94,40.74,0
-142.83,38.80,0
-141.98,39.04,0
-141.12,39.28,0
-140.25,39.52,0
-139.39,39.74,0
-138.51,39.97,0
-137.64,40.19,0
-136.76,40.40,0
-135.88,40.62,0
-134.99,40.82,0
-134.11,41.02,0
-133.21,41.22,0
-132.32,41.41,0
-131.42,41.60,0
-130.51,41.78,0
-129.61,41.96,0
-128.70,42.14,0
-127.79,42.31,0
-126.87,42.47,0
-125.95,42.63,0
-125.03,42.78,0
-124.11,42.93,1
-123.18,43.08,1
-122.25,43.22,1
-121.32,43.36,1
-120.39,43.49,1
-119.45,43.61,1
-118.51,43.73,1
-117.57,43.85,1
-116.62,43.96,1
-115.68,44.07,1
-114.73,44.17,1
-113.78,44.27,1
-112.83,44.36,1
-111.88,44.45,1
-110.92,44.53,1
-109.96,44.61,1
-109.01,44.68,1
-108.05,44.75,1
-107.09,44.82,1
-106.12,44.87,1
-105.16,44.93,1
-104.20,44.98,1
-103.23,45.02,1
-102.26,45.06,1
-101.30,45.09,1
-100.33,45.12,1
-99.36,45.15,1
-98.39,45.17,1
-97.42,45.18,1
-96.45,45.19,1
-95.49,45.20,1
-94.52,45.20,1
-93.55,45.19,1
-92.58,45.18,1
-91.61,45.17,1
-90.64,45.15,1
-89.67,45.12,1
-88.70,45.09,1
-87.74,45.06,1
-86.77,45.02,1
-85.81,44.98,1
-84.84,44.93,1
-83.88,44.87,1
-82.92,44.82,0
-81.96,44.75,0
-81.00,44.68,0
-80.04,44.61,0
-79.08,44.53,0
-78.13,44.45,0
-77.17,44.36,0
-76.22,44.27,1
-75.27,44.17,1
-74.32,44.07,1
-73.38,43.96,1
-72.43,43.85,1
-71.49,43.74,1
-70.55,43.61,1
-69.62,43.49,0
-68.68,43.36,0
-67.75,43.22,0
-66.82,43.08,0
-65.89,42.93,0
-64.97,42.78,0
-64.05,42.63,0
-63.13,42.47,0
-62.21,42.31,0
-61.30,42.14,0
-60.39,41.96,0
-59.49,41.78,0
-58.58,41.60,0
-57.68,41.41,0
-143.15,39.46,0
-142.29,39.71,0
-141.42,39.95,0
-140.56,40.18,0
-139.68,40.41,0
-138.81,40.64,0
-137.93,40.86,0
-137.04,41.07,0
-136.16,41.29,0
-135.27,41.49,0
-134.37,41.69,0
-133.47,41.89,0
-132.57,42.09,0
-131.67,42.27,0
-130.76,42.46,0
-129.85,42.64,0
-128.93,42.81,0
-128.01,42.98,0
-127.09,43.14,0
-126.17,43.30,0
-125.24,43.46,0
-124.31,43.61,1
-123.38,43.76,1
-122.44,43.90,1
-121.51,44.03,1
-120.57,44.16,1
-119.62,44.29,1
-118.68,44.41,1
-117.73,44.53,1
-116.78,44.64,1
-115.83,44.75,1
-114.87,44.85,1
-113.91,44.95,1
-112.96,45.04,1
-112.00,45.13,1
-111.03,45.21,1
-110.07,45.29,1
-109.11,45.36,1
-108.14,45.43,1
-107.17,45.50,1
-106.20,45.55,1
-105.23,45.61,1
-104.26,45.66,1
-103.29,45.70,1
-102.32,45.74,1
-101.34,45.77,1
-100.37,45.80,1
-99.39,45.83,1
-98.42,45.85,1
-97.44,45.86,1
-96.47,45.87,1
-95.49,45.88,1
-94.51,45.88,1
-93.54,45.87,1
-92.56,45.86,1
-91.58,45.85,1
-90.61,45.83,1
-89.63,45.80,1
-88.66,45.77,1
-87.69,45.74,1
-86.71,45.70,1
-85.74,45.66,1
-84.77,45.61,1
-83.80,45.55,0
-82.83,45.50,0
-81.86,45.43,0
-80.90,45.36,0
-79.93,45.29,0
-78.97,45.21,0
-78.01,45.13,0
-77.05,45.04,0
-76.09,44.95,0
-75.13,44.85,0
-74.18,44.75,0
-73.22,44.64,1
-72.27,44.53,1
-71.33,44.41,1
-70.38,44.29,1
-69.44,44.16,0
-68.50,44.03,0
-67.56,43.90,0
-66.62,43.76,0
-65.69,43.61,0
-64.76,43.46,0
-63.83,43.30,0
-62.91,43.14,0
-61.99,42.98,0
-61.07,42.81,0
-60.15,42.64,0
-59.24,42.46,0
-58.33,42.27,0
-57.43,42.09,0
-143.47,40.13,0
-142.60,40.37,0
-141.73,40.61,0
-140.86,40.84,0
-139.98,41.08,0
-139.10,41.30,0
-138.22,41.52,0
-137.33,41.74,0
-136.44,41.95,0
-135.54,42.16,0
-134.64,42.36,0
-133.74,42.56,0
-132.83,42.75,0
-131.92,42.94,0
-131.01,43.13,0
-130.09,43.31,0
-129.17,43.48,0
-128.24,43.65,0
-127.32,43.82,0
-126.39,43.98,0
-125.45,44.13,0
-124.52,44.28,0
-123.58,44.43,1
-122.64,44.57,1
-121.69,44.71,1
-120.75,44.84,1
-119.80,44.97,1
-118.84,45.09,1
-117.89,45.20,1
-116.93,45.32,1
-115.97,45.42,1
-115.01,45.53,1
-114.05,45.62,1
-113.09,45.72,1
-112.12,45.81,1
-111.15,45.89,1
-110.18,45.97,1
-109.21,46.04,1
-108.23,46.11,1
-107.26,46.17,1
-106.28,46.23,1
-105.31,46.29,1
-104.33,46.33,1
-103.35,46.38,1
-102.37,46.42,1
-101.39,46.45,1
-100.41,46.48,1
-99.42,46.51,1
-98.44,46.53,1
-97.46,46.54,1
-96.48,46.55,1
-95.49,46.56,1
-94.51,46.56,1
-93.53,46.55,1
-92.54,46.54,1
-91.56,46.53,1
-90.58,46.51,1
-89.60,46.48,1
-88.61,46.45,1
-87.63,46.42,1
-86.65,46.38,1
-85.67,46.34,1
-84.70,46.29,0
-83.72,46.23,0
-82.74,46.17,0
-81.77,46.11,0
-80.79,46.04,0
-79.82,45.97,0
-78.85,45.89,0
-77.88,45.81,0
-76.92,45.72,0
-75.95,45.63,0
-74.99,45.53,0
-74.03,45.42,0
-73.07,45.32,0
-72.11,45.20,0
-71.16,45.09,1
-70.21,44.97,1
-69.26,44.84,1
-68.31,44.71,1
-67.36,44.57,0
-66.42,44.43,0
-65.48,44.28,0
-64.55,44.13,0
-63.61,43.98,0
-62.68,43.82,0
-61.76,43.65,0
-60.83,43.48,0
-59.91,43.31,0
-59.00,43.13,0
-58.08,42.94,0
-57.17,42.75,0
-143.79,40.78,0
-142.92,41.03,0
-142.05,41.27,0
-141.17,41.51,0
-140.29,41.74,0
-139.40,41.96,0
-138.51,42.19,0
-137.62,42.40,0
-136.72,42.62,0
-135.82,42.82,0
-134.91,43.03,0
-134.01,43.23,0
-133.09,43.42,0
-132.18,43.61,0
-131.26,43.79,0
-130.33,43.97,0
-129.41,44.15,0
-128.48,44.32,0
-127.54,44.48,0
-126.61,44.65,0
-125.67,44.80,0
-124.73,44.95,0
-123.78,45.10,1
-122.83,45.24,1
-121.88,45.38,1
-120.93,45.51,1
-119.97,45.64,1
-119.02,45.76,1
-118.05,45.88,1
-117.09,45.99,1
-116.13,46.10,1
-115.16,46.20,1
-114.19,46.30,1
-113.22,46.39,1
-112.24,46.48,1
-111.27,46.56,1
-110.29,46.64,1
-109.31,46.71,1
-108.33,46.78,1
-107.35,46.85,1
-106.37,46.91,1
-105.38,46.96,1
-104.40,47.01,1
-103.41,47.05,1
-102.42,47.09,1
-101.43,47.13,1
-100.45,47.16,1
-99.46,47.18,1
-98.47,47.20,1
-97.48,47.22,1
-96.49,47.23,1
-95.50,47.23,1
-94.51,47.23,1
-93.52,47.23,1
-92.52,47.22,1
-91.53,47.20,1
-90.54,47.18,1
-89.56,47.16,1
-88.57,47.13,1
-87.58,47.09,1
-86.59,47.05,1
-85.61,47.01,0
-84.62,46.96,0
-83.64,46.91,0
-82.65,46.85,0
-81.67,46.78,0
-80.69,46.71,0
-79.71,46.64,0
-78.74,46.56,0
-77.76,46.48,0
-76.79,46.39,0
-75.81,46.30,0
-74.84,46.20,0
-73.88,46.10,0
-72.91,45.99,0
-71.95,45.88,0
-70.99,45.76,0
-70.03,45.64,1
-69.07,45.51,1
-68.12,45.38,0
-67.17,45.24,0
-66.22,45.10,0
-65.27,44.95,0
-64.33,44.80,0
-63.39,44.65,0
-62.46,44.48,0
-61.52,44.32,0
-60.59,44.15,0
-59.67,43.97,0
-58.74,43.79,0
-57.83,43.61,0
-56.91,43.42,0
-144.12,41.44,0
-143.25,41.69,0
-142.37,41.93,0
-141.48,42.16,0
-140.60,42.39,0
-139.71,42.62,0
-138.81,42.84,0
-137.91,43.06,0
-137.01,43.28,0
-136.10,43.48,0
-135.19,43.69,0
-134.28,43.89,0
-133.36,44.08,0
-132.44,44.27,0
-131.51,44.46,0
-130.58,44.64,0
-129.65,44.81,0
-128.71,44.98,0
-127.77,45.15,0
-126.83,45.31,0
-125.89,45.47,0
-124.94,45.62,0
-123.99,45.77,1
-123.03,45.91,1
-122.08,46.04,1
-121.12,46.18,1
-120.15,46.30,1
-119.19,46.43,1
-118.22,46.54,1
-117.25,46.66,1
-116.28,46.77,1
-115.30,46.87,1
-114.33,46.97,1
-113.35,47.06,1
-112.37,47.15,1
-111.39,47.23,1
-110.40,47.31,1
-109.41,47.38,1
-108.43,47.45,1
-107.44,47.52,1
-106.45,47.58,1
-105.46,47.63,1
-104.46,47.68,1
-103.47,47.72,1
-102.48,47.76,1
-101.48,47.80,1
-100.49,47.83,1
-99.49,47.85,1
-98.49,47.87,1
-97.50,47.89,1
-96.50,47.90,1
-95.50,47.90,1
-94.50,47.90,1
-93.50,47.90,1
-92.51,47.89,1
-91.51,47.87,1
-90.51,47.85,0
-89.52,47.83,0
-88.52,47.80,1
-87.52,47.76,0
-86.53,47.72,0
-85.54,47.68,0
-84.54,47.63,0
-83.55,47.58,0
-82.56,47.52,0
-81.57,47.45,0
-80.59,47.38,0
-79.60,47.31,0
-78.62,47.23,0
-77.63,47.15,0
-76.65,47.06,0
-75.67,46.97,0
-74.70,46.87,0
-73.72,46.77,0
-72.75,46.66,0
-71.78,46.54,0
-70.81,46.43,0
-69.85,46.30,1
-68.89,46.18,1
-67.93,46.04,0
-66.97,45.91,0
-66.01,45.77,0
-65.06,45.62,0
-64.11,45.47,0
-63.17,45.31,0
-62.23,45.15,0
-61.29,44.98,0
-60.35,44.81,0
-59.42,44.64,0
-58.49,44.46,0
-57.57,44.27,0
-56.64,44.08,0
-144.45,42.09,0
-143.57,42.34,0
-142.69,42.58,0
-141.80,42.82,0
-140.91,43.05,0
-140.01,43.28,0
-139.11,43.50,0
-138.21,43.72,0
-137.30,43.93,0
-136.39,44.14,0
-135.47,44.35,0
-134.55,44.55,0
-133.63,44.74,0
-132.70,44.93,0
-131.77,45.12,0
-130.83,45.30,0
-129.90,45.47,0
-128.95,45.64,0
-128.01,45.81,0
-127.06,45.97,0
-126.11,46.13,0
-125.15,46.28,0
-124.20,46.43,1
-123.23,46.57,1
-122.27,46.71,1
-121.30,46.84,1
-120.34,46.97,1
-119.36,47.09,1
-118.39,47.21,1
-117.41,47.32,1
-116.43,47.43,1
-115.45,47.53,1
-114.47,47.63,1
-113.48,47.73,1
-112.49,47.81,1
-111.51,47.90,1
-110.51,47.98,1
-109.52,48.05,1
-108.53,48.12,1
-107.53,48.18,1
-106.53,48.24,1
-105.53,48.30,1
-104.53,48.35,1
-103.53,48.39,1
-102.53,48.43,1
-101.53,48.46,1
-100.53,48.49,1
-99.52,48.52,1
-98.52,48.54,1
-97.51,48.55,1
-96.51,48.56,1
-95.50,48.57,1
-94.50,48.57,0
-93.49,48.56,0
-92.49,48.55,0
-91.48,48.54,0
-90.48,48.52,0
-89.48,48.49,0
-88.47,48.46,0
-87.47,48.43,0
-86.47,48.39,0
-85.47,48.35,0
-84.47,48.30,0
-83.47,48.24,0
-82.47,48.18,0
-81.48,48.12,0
-80.48,48.05,0
-79.49,47.98,0
-78.50,47.90,0
-77.51,47.81,0
-76.52,47.73,0
-75.53,47.63,0
-74.55,47.53,0
-73.57,47.43,0
-72.59,47.32,0
-71.61,47.21,0
-70.64,47.09,0
-69.67,46.97,1
-68.70,46.84,1
-67.73,46.71,0
-66.77,46.57,0
-65.81,46.43,0
-64.85,46.28,0
-63.89,46.13,0
-62.94,45.97,0
-61.99,45.81,0
-61.05,45.65,0
-60.11,45.47,0
-59.17,45.30,0
-58.23,45.12,0
-57.30,44.93,0
-56.37,44.74,0
-144.79,42.74,0
-143.91,42.99,0
-143.02,43.23,0
-142.12,43.47,0
-141.23,43.70,0
-140.33,43.93,0
-139.42,44.15,0
-138.51,44.37,0
-137.60,44.59,0
-136.68,44.80,0
-135.76,45.00,0
-134.83,45.20,0
-133.90,45.40,0
-132.97,45.59,0
-132.03,45.77,0
-131.09,45.96,0
-130.14,46.13,0
-129.20,46.30,0
-128.25,46.47,0
-127.29,46.63,0
-126.33,46.79,0
-125.37,46.94,0
-124.41,47.09,1
-123.44,47.23,1
-122.47,47.37,1
-121.50,47.50,1
-120.52,47.63,1
-119.54,47.75,1
-118.56,47.87,1
-117.58,47.98,1
-116.59,48.09,1
-115.60,48.19,1
-114.61,48.29,1
-113.62,48.39,1
-112.62,48.48,1
-111.63,48.56,1
-110.63,48.64,0
-109.63,48.71,0
-108.63,48.78,0
-107.62,48.85,0
-106.62,48.91,0
-105.61,48.96,0
-104.61,49.01,0
-103.60,49.05,0
-102.59,49.09,0
-101.58,49.13,0
-100.57,49.16,0
-99.56,49.18,0
-98.54,49.20,0
-97.53,49.22,0
-96.52,49.23,0
-95.51,49.23,0
-94.49,49.23,0
-93.48,49.23,0
-92.47,49.22,0
-91.46,49.20,0
-90.45,49.18,0
-89.43,49.16,0
-88.42,49.13,0
-87.41,49.09,0
-86.40,49.05,0
-85.40,49.01,0
-84.39,48.96,0
-83.38,48.91,0
-82.38,48.85,0
-81.37,48.78,0
-80.37,48.71,0
-79.37,48.64,0
-78.37,48.56,0
-77.38,48.48,0
-76.38,48.39,0
-75.39,48.29,0
-74.40,48.20,0
-73.41,48.09,0
-72.42,47.98,0
-71.44,47.87,0
-70.46,47.75,0
-69.48,47.63,0
-68.51,47.50,0
-67.53,47.37,0
-66.56,47.23,0
-65.59,47.09,0
-64.63,46.94,0
-63.67,46.79,0
-62.71,46.63,0
-61.76,46.47,0
-60.80,46.30,0
-59.86,46.13,0
-58.91,45.96,0
-57.97,45.77,0
-57.03,45.59,0
-56.10,45.40,0
-145.13,43.39,0
-144.24,43.64,0
-143.35,43.88,0
-142.45,44.12,0
-141.55,44.35,0
-140.64,44.58,0
-139.73,44.80,0
-138.82,45.02,0
-137.90,45.24,0
-136.97,45.45,0
-136.04,45.65,0
-135.11,45.85,0
-134.18,46.05,0
-133.24,46.24,0
-132.29,46.43,0
-131.35,46.61,0
-130.40,46.79,0
-129.44,46.96,0
-128.49,47.12,0
-127.52,47.29,0
-126.56,47.44,0
-125.59,47.60,0
-124.62,47.74,1
-123.65,47.89,0
-122.67,48.02,1
-121.69,48.16,1
-120.71,48.29,1
-119.72,48.41,1
-118.73,48.53,1
-117.74,48.64,0
-116.75,48.75,0
-115.75,48.85,0
-114.76,48.95,0
-113.76,49.05,0
-112.76,49.13,0
-111.75,49.22,0
-110.75,49.30,0
-109.74,49.37,0
-108.73,49.44,0
-107.72,49.50,0
-106.71,49.56,0
-105.69,49.62,0
-104.68,49.67,0
-103.66,49.71,0
-102.65,49.75,0
-101.63,49.79,0
-100.61,49.82,0
-99.59,49.84,0
-98.57,49.86,0
-97.55,49.88,0
-96.53,49.89,0
-95.51,49.89,0
-94.49,49.89,0
-93.47,49.89,0
-92.45,49.88,0
-91.43,49.86,0
-90.41,49.84,0
-89.39,49.82,0
-88.37,49.79,0
-87.36,49.75,0
-86.34,49.71,0
-85.32,49.67,0
-84.31,49.62,0
-83.30,49.56,0
-82.28,49.50,0
-81.27,49.44,0
-80.26,49.37,0
-79.26,49.30,0
-78.25,49.22,0
-77.25,49.13,0
-76.24,49.05,0
-75.24,48.95,0
-74.25,48.85,0
-73.25,48.75,0
-72.26,48.64,0
-71.27,48.53,0
-70.28,48.41,0
-69.29,48.29,0
-68.31,48.16,0
-67.33,48.02,0
-66.35,47.89,0
-65.38,47.74,0
-64.41,47.60,0
-63.44,47.44,0
-62.48,47.29,0
-61.52,47.12,0
-60.56,46.96,0
-59.60,46.79,0
-58.65,46.61,0
-57.71,46.43,0
-56.76,46.24,0
-55.82,46.05,0
-145.48,44.03,0
-144.58,44.28,0
-143.69,44.52,0
-142.78,44.76,0
-141.87,45.00,0
-140.96,45.23,0
-140.05,45.45,0
-139.12,45.67,0
-138.20,45.89,0
-137.27,46.10,0
-136.34,46.30,0
-135.40,46.50,0
-134.46,46.70,0
-133.51,46.89,0
-132.56,47.08,0
-131.61,47.26,0
-130.65,47.44,0
-129.69,47.61,0
-128.73,47.78,0
-127.76,47.94,0
-126.79,48.10,0
-125.82,48.25,0
-124.84,48.40,0
-123.86,48.54,0
-122.87,48.68,0
-121.89,48.81,0
-120.90,48.94,0
-119.91,49.06,0
-118.91,49.18,0
-117.91,49.29,0
-116.91,49.40,0
-115.91,49.51,0
-114.90,49.61,0
-113.90,49.70,0
-112.89,49.79,0
-111.88,49.87,0
-110.86,49.95,0
-109.85,50.03,0
-108.83,50.10,0
-107.81,50.16,0
-106.79,50.22,0
-105.77,50.27,0
-104.75,50.32,0
-103.73,50.37,0
-102.70,50.41,0
-101.68,50.44,0
-100.65,50.47,0
-99.63,50.50,0
-98.60,50.52,0
-97.57,50.53,0
-96.54,50.54,0
-95.51,50.55,0
-94.49,50.55,0
-93.46,50.54,0
-92.43,50.53,0
-91.40,50.52,0
-90.38,50.50,0
-89.35,50.47,0
-88.32,50.44,0
-87.30,50.41,0
-86.27,50.37,0
-85.25,50.32,0
-84.23,50.27,0
-83.21,50.22,0
-82.19,50.16,0
-81.17,50.10,0
-80.15,50.03,0
-79.14,49.95,0
-78.12,49.87,0
-77.11,49.79,0
-76.10,49.70,0
-75.10,49.61,0
-74.09,49.51,0
-73.09,49.40,0
-72.09,49.29,0
-71.09,49.18,0
-70.10,49.06,0
-69.10,48.94,0
-68.11,48.81,0
-67.13,48.68,0
-66.14,48.54,0
-65.16,48.40,0
-64.19,48.25,0
-63.21,48.10,0
-62.24,47.94,0
-61.27,47.78,0
-60.31,47.61,0
-59.35,47.44,0
-58.39,47.26,0
-57.44,47.08,0
-56.49,46.89,0
-55.54,46.70,0
-145.83,44.67,0
-144.93,44.92,0
-144.03,45.16,0
-143.12,45.40,0
-142.20,45.64,0
-141.29,45.87,0
-140.36,46.09,0
-139.44,46.31,0
-138.51,46.53,0
-137.57,46.74,0
-136.63,46.95,0
-135.69,47.15,0
-134.74,47.34,0
-133.79,47.54,0
-132.84,47.72,0
-131.88,47.90,0
-130.91,48.08,0
-129.95,48.25,0
-128.98,48.42,0
-128.00,48.58,0
-127.02,48.74,0
-126.04,48.90,0
-125.06,49.04,0
-124.07,49.19,0
-123.08,49.33,0
-122.09,49.46,0
-121.09,49.59,0
-120.09,49.71,0
-119.09,49.83,0
-118.08,49.94,0
-117.08,50.05,0
-116.07,50.16,0
-115.05,50.26,0
-114.04,50.35,0
-113.02,50.44,0
-112.00,50.52,0
-110.98,50.60,0
-109.96,50.68,0
-108.94,50.75,0
-107.91,50.81,0
-106.88,50.87,0
-105.86,50.92,0
-104.83,50.97,0
-103.79,51.02,0
-102.76,51.06,0
-101.73,51.09,0
-100.70,51.12,0
-99.66,51.15,0
-98.63,51.17,0
-97.59,51.18,0
-96.55,51.19,0
-95.52,51.20,0
-94.48,51.20,0
-93.45,51.19,0
-92.41,51.18,0
-91.38,51.17,0
-90.34,51.15,0
-89.31,51.12,0
-88.27,51.09,0
-87.24,51.06,0
-86.21,51.02,0
-85.18,50.97,0
-84.15,50.92,0
-83.12,50.87,0
-82.09,50.81,0
-81.06,50.75,0
-80.04,50.68,0
-79.02,50.60,0
-78.00,50.52,0
-76.98,50.44,0
-75.96,50.35,0
-74.95,50.26,0
-73.93,50.16,0
-72.92,50.05,0
-71.92,49.94,0
-70.91,49.83,0
-69.91,49.71,0
-68.91,49.59,0
-67.91,49.46,0
-66.92,49.33,0
-65.93,49.19,0
-64.94,49.04,0
-63.96,48.90,0
-62.98,48.74,0
-62.00,48.59,0
-61.03,48.42,0
-60.05,48.25,0
-59.09,48.08,0
-58.13,47.91,0
-57.17,47.72,0
-56.21,47.54,0
-55.26,47.34,0
-146.18,45.31,0
-145.28,45.56,0
-144.37,45.80,0
-143.46,46.04,0
-142.54,46.28,0
-141.62,46.51,0
-140.69,46.73,0
-139.76,46.95,0
-138.82,47.17,0
-137.88,47.38,0
-136.93,47.59,0
-135.98,47.79,0
-135.03,47.99,0
-134.07,48.18,0
-133.11,48.36,0
-132.15,48.55,0
-131.18,48.72,0
-130.20,48.90,0
-129.23,49.07,0
-128.25,49.23,0
-127.26,49.39,0
-126.27,49.54,0
-125.28,49.69,0
-124.29,49.83,0
-123.29,49.97,0
-122.29,50.10,0
-121.29,50.23,0
-120.28,50.36,0
-119.27,50.48,0
-118.26,50.59,0
-117.24,50.70,0
-116.23,50.80,0
-115.21,50.90,0
-114.18,51.00,0
-113.16,51.08,0
-112.13,51.17,0
-111.11,51.25,0
-110.08,51.32,0
-109.04,51.39,0
-108.01,51.46,0
-106.97,51.52,0
-105.94,51.57,0
-104.90,51.62,0
-103.86,51.67,0
-102.82,51.71,0
-101.78,51.74,0
-100.74,51.77,0
-99.70,51.79,0
-98.65,51.81,0
-97.61,51.83,0
-96.57,51.84,0
-95.52,51.84,0
-94.48,51.84,0
-93.43,51.84,0
-92.39,51.83,0
-91.35,51.81,0
-90.30,51.79,0
-89.26,51.77,0
-88.22,51.74,0
-87.18,51.71,0
-86.14,51.67,0
-85.10,51.62,0
-84.06,51.57,0
-83.03,51.52,0
-81.99,51.46,0
-80.96,51.39,0
-79.93,51.32,0
-78.90,51.25,0
-77.87,51.17,0
-76.84,51.08,0
-75.82,51.00,0
-74.79,50.90,0
-73.78,50.80,0
-72.76,50.70,0
-71.74,50.59,0
-70.73,50.48,0
-69.72,50.36,0
-68.71,50.23,0
-67.71,50.10,0
-66.71,49.97,0
-65.71,49.83,0
-64.72,49.69,0
-63.73,49.54,0
-62.74,49.39,0
-61.76,49.23,0
-60.77,49.07,0
-59.80,48.90,0
-58.82,48.73,0
-57.86,48.55,0
-56.89,48.37,0
-55.93,48.18,0
-54.97,47.99,0
-146.55,45.94,0
-145.64,46.19,0
-144.72,46.43,0
-143.80,46.67,0
-142.88,46.91,0
-141.95,47.14,0
-141.02,47.37,0
-140.08,47.59,0
-139.14,47.81,0
-138.19,48.02,0
-137.24,48.22,0
-136.28,48.43,0
-135.32,48.62,0
-134.36,48.82,0
-133.39,49.00,0
-132.42,49.19,0
-131.44,49.36,0
-130.46,49.54,0
-129.48,49.70,0
-128.49,49.87,0
-127.50,50.03,0
-126.51,50.18,0
-125.51,50.33,0
-124.51,50.47,0
-123.50,50.61,0
-122.50,50.74,0
-121.49,50.87,0
-120.47,51.00,0
-119.46,51.12,0
-118.44,51.23,0
-117.41,51.34,0
-116.39,51.44,0
-115.36,51.54,0
-114.33,51.64,0
-113.30,51.73,0
-112.27,51.81,0
-111.23,51.89,0
-110.19,51.97,0
-109.15,52.03,0
-108.11,52.10,0
-107.07,52.16,0
-106.02,52.21,0
-104.98,52.26,0
-103.93,52.31,0
-102.88,52.35,0
-101.83,52.38,0
-100.78,52.41,0
-99.73,52.44,0
-98.68,52.46,0
-97.63,52.47,0
-96.58,52.48,0
-95.53,52.49,0
-94.47,52.49,0
-93.42,52.48,0
-92.37,52.47,0
-91.32,52.46,0
-90.27,52.44,0
-89.22,52.41,0
-88.17,52.38,0
-87.12,52.35,0
-86.07,52.31,0
-85.02,52.26,0
-83.98,52.21,0
-82.93,52.16,0
-81.89,52.10,0
-80.85,52.03,0
-79.81,51.97,0
-78.77,51.89,0
-77.74,51.81,0
-76.70,51.73,0
-75.67,51.64,0
-74.64,51.54,0
-73.61,51.44,0
-72.59,51.34,0
-71.57,51.23,0
-70.55,51.12,0
-69.53,51.00,0
-68.52,50.87,0
-67.50,50.74,0
-66.50,50.61,0
-65.49,50.47,0
-64.49,50.33,0
-63.49,50.18,0
-62.50,50.03,0
-61.51,49.87,0
-60.52,49.71,0
-59.54,49.54,0
-58.56,49.36,0
-57.58,49.19,0
-56.61,49.00,0
-55.64,48.82,0
-54.68,48.62,0
-146.91,46.57,0
-146.00,46.82,0
-145.08,47.06,0
-144.15,47.31,0
-143.22,47.54,0
-142.29,47.77,0
-141.35,48.00,0
-140.41,48.22,0
-139.46,48.44,0
-138.51,48.65,0
-137.55,48.86,0
-136.59,49.06,0
-135.62,49.26,0
-134.65,49.45,0
-133.68,49.64,0
-132.70,49.82,0
-131.72,50.00,0
-130.73,50.17,0
-129.74,50.34,0
-128.75,50.50,0
-127.75,50.66,0
-126.75,50.82,0
-125.74,50.96,0
-124.73,51.11,0
-123.72,51.25,0
-122.71,51.38,0
-121.69,51.51,0
-120.67,51.63,0
-119.64,51.75,0
-118.62,51.87,0
-117.59,51.98,0
-116.55,52.08,0
-115.52,52.18,0
-114.48,52.28,0
-113.44,52.36,0
-112.40,52.45,0
-111.36,52.53,0
-110.31,52.60,0
-109.26,52.67,0
-108.21,52.74,0
-107.16,52.80,0
-106.11,52.85,0
-105.06,52.90,0
-104.00,52.95,0
-102.94,52.99,0
-101.89,53.02,0
-100.83,53.05,0
-99.77,53.08,0
-98.71,53.10,0
-97.65,53.11,0
-96.59,53.12,0
-95.53,53.13,0
-94.47,53.13,0
-93.41,53.12,0
-92.35,53.11,0
-91.29,53.10,0
-90.23,53.08,0
-89.17,53.05,0
-88.11,53.02,0
-87.06,52.99,0
-86.00,52.95,0
-84.95,52.90,0
-83.89,52.85,0
-82.84,52.80,0
-81.79,52.74,0
-80.74,52.67,0
-79.69,52.60,0
-78.65,52.53,0
-77.60,52.45,0
-76.56,52.36,0
-75.52,52.28,0
-74.48,52.18,0
-73.45,52.08,0
-72.42,51.98,0
-71.39,51.87,0
-70.36,51.75,0
-69.34,51.63,0
-68.31,51.51,0
-67.30,51.38,0
-66.28,51.25,0
-65.27,51.11,0
-64.26,50.96,0
-63.26,50.82,0
-62.25,50.66,0
-61.26,50.50,0
-60.26,50.34,0
-59.27,50.17,0
-58.29,50.00,0
-57.30,49.82,0
-56.32,49.64,0
-55.35,49.45,0
-54.38,49.26,0
-147.28,47.19,0
-146.36,47.44,0
-145.44,47.69,0
-144.51,47.93,0
-143.57,48.17,0
-142.63,48.40,0
-141.69,48.63,0
-140.74,48.85,0
-139.78,49.07,0
-138.82,49.28,0
-137.86,49.49,0
-136.89,49.69,0
-135.92,49.89,0
-134.95,50.08,0
-133.97,50.27,0
-132.98,50.45,0
-131.99,50.63,0
-131.00,50.80,0
-130.00,50.97,0
-129.00,51.13,0
-128.00,51.29,0
-126.99,51.45,0
-125.98,51.60,0
-124.96,51.74,0
-123.94,51.88,0
-122.92,52.01,0
-121.89,52.14,0
-120.86,52.27,0
-119.83,52.39,0
-118.80,52.50,0
-117.76,52.61,0
-116.72,52.71,0
-115.68,52.81,0
-114.63,52.91,0
-113.58,53.00,0
-112.53,53.08,0
-111.48,53.16,0
-110.43,53.24,0
-109.37,53.31,0
-108.32,53.37,0
-107.26,53.43,0
-106.20,53.49,0
-105.13,53.54,0
-104.07,53.58,0
-103.01,53.62,0
-101.94,53.65,0
-100.87,53.68,0
-99.81,53.71,0
-98.74,53.73,0
-97.67,53.74,0
-96.60,53.75,0
-95.54,53.76,0
-94.47,53.76,0
-93.40,53.75,0
-92.33,53.74,0
-91.26,53.73,0
-90.19,53.71,0
-89.13,53.68,0
-88.06,53.65,0
-87.00,53.62,0
-85.93,53.58,0
-84.87,53.54,0
-83.81,53.49,0
-82.75,53.43,0
-81.69,53.37,0
-80.63,53.31,0
-79.57,53.24,0
-78.52,53.16,0
-77.47,53.08,0
-76.42,53.00,0
-75.37,52.91,0
-74.32,52.81,0
-73.28,52.71,0
-72.24,52.61,0
-71.20,52.50,0
-70.17,52.39,0
-69.14,52.27,0
-68.11,52.14,0
-67.08,52.01,0
-66.06,51.88,0
-65.04,51.74,0
-64.03,51.60,0
-63.01,51.45,0
-62.01,51.29,0
-61.00,51.14,0
-60.00,50.97,0
-59.00,50.80,0
-58.01,50.63,0
-57.02,50.45,0
-56.04,50.27,0
-55.06,50.08,0
-54.08,49.89,0
-147.66,47.82,0
-146.73,48.07,0
-145.80,48.31,0
-144.86,48.55,0
-143.92,48.79,0
-142.98,49.02,0
-142.03,49.25,0
-141.07,49.47,0
-140.11,49.69,0
-139.15,49.90,0
-138.18,50.11,0
-137.21,50.31,0
-136.23,50.51,0
-135.24,50.71,0
-134.26,50.89,0
-133.27,51.08,0
-132.27,51.26,0
-131.27,51.43,0
-130.27,51.60,0
-129.26,51.76,0
-128.25,51.92,0
-127.23,52.07,0
-126.21,52.22,0
-125.19,52.37,0
-124.16,52.51,0
-123.13,52.64,0
-122.10,52.77,0
-121.06,52.90,0
-120.03,53.01,0
-118.98,53.13,0
-117.94,53.24,0
-116.89,53.34,0
-115.84,53.44,0
-114.79,53.54,0
-113.73,53.63,0
-112.67,53.71,0
-111.61,53.79,0
-110.55,53.87,0
-109.49,53.94,0
-108.42,54.00,0
-107.35,54.06,0
-106.28,54.11,0
-105.21,54.16,0
-104.14,54.21,0
-103.07,54.25,0
-102.00,54.28,0
-100.92,54.31,0
-99.85,54.34,0
-98.77,54.36,0
-97.69,54.37,0
-96.62,54.38,0
-95.54,54.39,0
-94.46,54.39,0
-93.39,54.38,0
-92.31,54.37,0
-91.23,54.36,0
-90.16,54.34,0
-89.08,54.31,0
-88.01,54.28,0
-86.93,54.25,0
-85.86,54.21,0
-84.79,54.16,0
-83.72,54.11,0
-82.65,54.06,0
-81.58,54.00,0
-80.52,53.94,0
-79.45,53.87,0
-78.39,53.79,0
-77.33,53.71,0
-76.27,53.63,0
-75.22,53.54,0
-74.16,53.44,0
-73.11,53.34,0
-72.06,53.24,0
-71.02,53.13,0
-69.98,53.01,0
-68.94,52.90,0
-67.90,52.77,0
-66.87,52.64,0
-65.84,52.51,0
-64.81,52.37,0
-63.79,52.22,0
-62.77,52.08,0
-61.75,51.92,0
-60.74,51.76,0
-59.73,51.60,0
-58.73,51.43,0
-57.73,51.26,0
-56.74,51.08,0
-55.74,50.89,0
-54.76,50.71,0
-53.77,50.51,0
-148.04,48.43,0
-147.10,48.68,0
-146.17,48.93,0
-145.23,49.17,0
-144.28,49.41,0
-143.33,49.64,0
-142.38,49.87,0
-141.41,50.09,0
-140.45,50.31,0
-139.48,50.52,0
-138.50,50.73,0
-137.52,50.94,0
-136.54,51.13,0
-135.55,51.33,0
-134.55,51.52,0
-133.56,51.70,0
-132.55,51.88,0
-131.55,52.05,0
-130.54,52.22,0
-129.52,52.38,0
-128.50,52.54,0
-127.48,52.70,0
-126.45,52.85,0
-125.42,52.99,0
-124.39,53.13,0
-123.35,53.27,0
-122.31,53.39,0
-121.27,53.52,0
-120.22,53.64,0
-119.17,53.75,0
-118.12,53.86,0
-117.06,53.97,0
-116.00,54.07,0
-114.94,54.16,0
-113.88,54.25,0
-112.81,54.34,0
-111.74,54.42,0
-110.67,54.49,0
-109.60,54.56,0
-108.53,54.62,0
-107.45,54.68,0
-106.37,54.74,0
-105.30,54.79,0
-104.22,54.83,0
-103.13,54.87,0
-102.05,54.91,0
-100.97,54.94,0
-99.88,54.96,0
-98.80,54.98,0
-97.71,55.00,0
-96.63,55.01,0
-95.54,55.01,0
-94.46,55.01,0
-93.37,55.01,0
-92.29,55.00,0
-91.20,54.98,0
-90.12,54.96,0
-89.03,54.94,0
-87.95,54.91,0
-86.87,54.87,0
-85.79,54.83,0
-84.71,54.79,0
-83.63,54.74,0
-82.55,54.68,0
-81.47,54.63,0
-80.40,54.56,0
-79.33,54.49,0
-78.26,54.42,0
-77.19,54.34,0
-76.12,54.25,0
-75.06,54.16,0
-74.00,54.07,0
-72.94,53.97,0
-71.88,53.86,0
-70.83,53.75,0
-69.78,53.64,0
-68.73,53.52,0
-67.69,53.39,0
-66.65,53.27,0
-65.61,53.13,0
-64.58,52.99,0
-63.55,52.85,0
-62.52,52.70,0
-61.50,52.54,0
-60.48,52.39,0
-59.47,52.22,0
-58.45,52.05,0
-57.45,51.88,0
-56.45,51.70,0
-55.45,51.52,0
-54.45,51.33,0
-53.46,51.13,0
-148.42,49.05,0
-147.48,49.30,0
-146.54,49.55,0
-145.60,49.79,0
-144.65,50.03,0
-143.69,50.26,0
-142.73,50.49,0
-141.76,50.71,0
-140.79,50.93,0
-139.81,51.14,0
-138.83,51.35,0
-137.84,51.55,0
-136.85,51.75,0
-135.86,51.94,0
-134.86,52.13,0
-133.85,52.32,0
-132.84,52.50,0
-131.83,52.67,0
-130.81,52.84,0
-129.79,53.00,0
-128.76,53.16,0
-127.73,53.32,0
-126.70,53.47,0
-125.66,53.61,0
-124.62,53.75,0
-123.57,53.88,0
-122.53,54.01,0
-121.47,54.14,0
-120.42,54.26,0
-119.36,54.37,0
-118.30,54.48,0
-117.24,54.59,0
-116.17,54.69,0
-115.10,54.78,0
-114.03,54.87,0
-112.95,54.96,0
-111.88,55.04,0
-110.80,55.11,0
-109.72,55.18,0
-108.64,55.24,0
-107.55,55.30,0
-106.47,55.36,0
-105.38,55.41,0
-104.29,55.45,0
-103.20,55.49,0
-102.11,55.53,0
-101.02,55.56,0
-99.92,55.58,0
-98.83,55.60,0
-97.74,55.62,0
-96.64,55.63,0
-95.55,55.63,0
-94.45,55.63,0
-93.36,55.63,0
-92.26,55.62,0
-91.17,55.60,0
-90.08,55.58,0
-88.99,55.56,0
-87.89,55.53,0
-86.80,55.49,0
-85.71,55.45,0
-84.62,55.41,0
-83.54,55.36,0
-82.45,55.30,0
-81.37,55.25,0
-80.28,55.18,0
-79.20,55.11,0
-78.12,55.04,0
-77.05,54.96,0
-75.97,54.87,0
-74.90,54.78,0
-73.83,54.69,0
-72.76,54.59,0
-71.70,54.48,0
-70.64,54.37,0
-69.58,54.26,0
-68.53,54.14,0
-67.48,54.01,0
-66.43,53.88,0
-65.38,53.75,0
-64.34,53.61,0
-63.30,53.47,0
-62.27,53.32,0
-61.24,53.16,0
-60.21,53.00,0
-59.19,52.84,0
-58.17,52.67,0
-57.16,52.50,0
-56.15,52.32,0
-55.15,52.13,0
-54.15,51.94,0
-53.15,51.75,0
-148.81,49.66,0
-147.87,49.91,0
-146.92,50.16,0
-145.97,50.40,0
-145.01,50.64,0
-144.05,50.87,0
-143.08,51.10,0
-142.11,51.32,0
-141.13,51.54,0
-140.15,51.75,0
-139.16,51.96,0
-138.17,52.16,0
-137.17,52.36,0
-136.17,52.56,0
-135.16,52.75,0
-134.15,52.93,0
-133.13,53.11,0
-132.11,53.28,0
-131.09,53.45,0
-130.06,53.62,0
-129.03,53.78,0
-127.99,53.93,0
-126.95,54.08,0
-125.90,54.22,0
-124.85,54.36,0
-123.80,54.50,0
-122.74,54.63,0
-121.68,54.75,0
-120.62,54.87,0
-119.56,54.99,0
-118.49,55.10,0
-117.41,55.20,0
-116.34,55.30,0
-115.26,55.40,0
-114.18,55.49,0
-113.10,55.57,0
-112.01,55.65,0
-110.93,55.73,0
-109.84,55.80,0
-108.75,55.86,0
-107.65,55.92,0
-106.56,55.97,0
-105.46,56.02,0
-104.37,56.07,0
-103.27,56.11,0
-102.17,56.14,0
-101.07,56.17,0
-99.96,56.20,0
-98.86,56.22,0
-97.76,56.23,0
-96.66,56.24,0
-95.55,56.25,0
-94.45,56.25,0
-93.35,56.24,0
-92.24,56.23,0
-91.14,56.22,0
-90.04,56.20,0
-88.94,56.17,0
-87.84,56.14,0
-86.74,56.11,0
-85.64,56.07,0
-84.54,56.02,0
-83.44,55.98,0
-82.35,55.92,0
-81.26,55.86,0
-80.16,55.80,0
-79.07,55.73,0
-77.99,55.65,0
-76.90,55.57,0
-75.82,55.49,0
-74.74,55.40,0
-73.66,55.30,0
-72.59,55.20,0
-71.52,55.10,0
-70.45,54.99,0
-69.38,54.87,0
-68.32,54.75,0
-67.26,54.63,0
-66.20,54.50,0
-65.15,54.36,0
-64.10,54.23,0
-63.05,54.08,0
-62.01,53.93,0
-60.98,53.78,0
-59.94,53.62,0
-58.91,53.45,0
-57.89,53.28,0
-56.87,53.11,0
-55.85,52.93,0
-54.84,52.75,0
-53.83,52.56,0
-52.83,52.36,0
-149.21,50.26,0
-148.26,50.51,0
-147.31,50.76,0
-146.35,51.01,0
-145.39,51.24,0
-144.42,51.48,0
-143.45,51.70,0
-142.47,51.93,0
-141.48,52.15,0
-140.49,52.36,0
-139.50,52.57,0
-138.50,52.77,0
-137.50,52.97,0
-136.49,53.17,0
-135.47,53.36,0
-134.45,53.54,0
-133.43,53.72,0
-132.40,53.89,0
-131.37,54.06,0
-130.33,54.23,0
-129.29,54.39,0
-128.25,54.54,0
-127.20,54.69,0
-126.15,54.83,0
-125.09,54.97,0
-124.03,55.11,0
-122.97,55.24,0
-121.90,55.36,0
-120.83,55.48,0
-119.75,55.60,0
-118.68,55.71,0
-117.60,55.81,0
-116.51,55.91,0
-115.43,56.01,0
-114.34,56.10,0
-113.25,56.18,0
-112.15,56.26,0
-111.06,56.34,0
-109.96,56.41,0
-108.86,56.47,0
-107.76,56.53,0
-106.65,56.59,0
-105.55,56.64,0
-104.44,56.68,0
-103.33,56.72,0
-102.23,56.76,0
-101.12,56.79,0
-100.00,56.81,0
-98.89,56.83,0
-97.78,56.85,0
-96.67,56.86,0
-95.56,56.86,0
-94.44,56.86,0
-93.33,56.86,0
-92.22,56.85,0
-91.11,56.83,0
-90.00,56.81,0
-88.89,56.79,0
-87.78,56.76,0
-86.67,56.72,0
-85.56,56.68,0
-84.45,56.64,0
-83.35,56.59,0
-82.25,56.53,0
-81.14,56.47,0
-80.04,56.41,0
-78.95,56.34,0
-77.85,56.26,0
-76.76,56.18,0
-75.66,56.10,0
-74.58,56.01,0
-73.49,55.91,0
-72.41,55.81,0
-71.33,55.71,0
-70.25,55.60,0
-69.17,55.48,0
-68.10,55.36,0
-67.04,55.24,0
-65.97,55.11,0
-64.91,54.97,0
-63.85,54.83,0
-62.80,54.69,0
-61.75,54.54,0
-60.71,54.39,0
-59.67,54.23,0
-58.63,54.06,0
-57.60,53.89,0
-56.57,53.72,0
-55.55,53.54,0
-54.53,53.36,0
-53.52,53.17,0
-52.51,52.97,0
-149.61,50.86,0
-148.66,51.12,0
-147.70,51.36,0
-146.74,51.61,0
-145.77,51.85,0
-144.79,52.08,0
-143.81,52.31,0
-142.83,52.53,0
-141.84,52.75,0
-140.84,52.96,0
-139.84,53.17,0
-138.83,53.38,0
-137.82,53.58,0
-136.81,53.77,0
-135.79,53.96,0
-134.76,54.14,0
-133.73,54.32,0
-132.70,54.50,0
-131.66,54.67,0
-130.61,54.83,0
-129.56,54.99,0
-128.51,55.15,0
-127.46,55.30,0
-126.40,55.44,0
-125.33,55.58,0
-124.26,55.71,0
-123.19,55.84,0
-122.11,55.97,0
-121.04,56.09,0
-119.95,56.20,0
-118.87,56.31,0
-117.78,56.42,0
-116.69,56.52,0
-115.59,56.61,0
-114.49,56.70,0
-113.39,56.79,0
-112.29,56.87,0
-111.19,56.94,0
-110.08,57.01,0
-108.97,57.08,0
-107.86,57.14,0
-106.75,57.19,0
-105.64,57.24,0
-104.52,57.29,0
-103.40,57.33,0
-102.28,57.36,0
-101.17,57.39,0
-100.05,57.42,0
-98.93,57.44,0
-97.80,57.45,0
-96.68,57.46,0
-95.56,57.47,0
-94.44,57.47,0
-93.32,57.46,0
-92.20,57.45,0
-91.08,57.44,0
-89.96,57.42,0
-88.84,57.39,0
-87.72,57.36,0
-86.60,57.33,0
-85.48,57.29,0
-84.37,57.24,0
-83.25,57.19,0
-82.14,57.14,0
-81.03,57.08,0
-79.92,57.01,0
-78.81,56.94,0
-77.71,56.87,0
-76.61,56.79,0
-75.51,56.70,0
-74.41,56.61,0
-73.31,56.52,0
-72.22,56.42,0
-71.13,56.31,0
-70.05,56.20,0
-68.97,56.09,0
-67.89,55.97,0
-66.81,55.84,0
-65.74,55.71,0
-64.67,55.58,0
-63.61,55.44,0
-62.55,55.30,0
-61.49,55.15,0
-60.44,54.99,0
-59.39,54.83,0
-58.34,54.67,0
-57.31,54.50,0
-56.27,54.32,0
-55.24,54.14,0
-54.21,53.96,0
-53.19,53.77,0
-52.18,53.58,0
-150.02,51.46,0
-149.06,51.71,0
-148.10,51.96,0
-147.13,52.21,0
-146.15,52.44,0
-145.17,52.68,0
-144.19,52.91,0
-143.19,53.13,0
-142.20,53.35,0
-141.20,53.56,0
-140.19,53.77,0
-139.18,53.98,0
-138.16,54.18,0
-137.13,54.37,0
-136.11,54.56,0
-135.07,54.74,0
-134.04,54.92,0
-132.99,55.10,0
-131.95,55.27,0
-130.90,55.43,0
-129.84,55.59,0
-128.78,55.75,0
-127.72,55.90,0
-126.65,56.04,0
-125.58,56.18,0
-124.50,56.31,0
-123.42,56.44,0
-122.33,56.57,0
-121.25,56.69,0
-120.16,56.80,0
-119.06,56.91,0
-117.97,57.02,0
-116.86,57.12,0
-115.76,57.21,0
-114.66,57.30,0
-113.55,57.39,0
-112.44,57.47,0
-111.32,57.54,0
-110.21,57.61,0
-109.09,57.68,0
-107.97,57.74,0
-106.85,57.79,0
-105.72,57.84,0
-104.60,57.89,0
-103.47,57.93,0
-102.35,57.96,0
-101.22,57.99,0
-100.09,58.02,0
-98.96,58.04,0
-97.83,58.05,0
-96.70,58.06,0
-95.57,58.07,0
-94.44,58.07,0
-93.30,58.06,0
-92.17,58.05,0
-91.04,58.04,0
-89.91,58.02,0
-88.78,57.99,0
-87.66,57.96,0
-86.53,57.93,0
-85.40,57.89,0
-84.28,57.84,0
-83.16,57.79,0
-82.03,57.74,0
-80.91,57.68,0
-79.80,57.61,0
-78.68,57.54,0
-77.57,57.47,0
-76.46,57.39,0
-75.35,57.30,0
-74.24,57.21,0
-73.14,57.12,0
-72.04,57.02,0
-70.94,56.91,0
-69.85,56.80,0
-68.75,56.69,0
-67.67,56.57,0
-66.58,56.44,0
-65.50,56.31,0
-64.43,56.18,0
-63.35,56.04,0
-62.29,55.90,0
-61.22,55.75,0
-60.16,55.59,0
-59.11,55.43,0
-58.05,55.27,0
-57.01,55.10,0
-55.96,54.92,0
-54.93,54.74,0
-53.89,54.56,0
-52.87,54.37,0
-51.84,54.18,0
-150.43,52.05,0
-149.47,52.31,0
-148.50,52.55,0
-147.52,52.80,0
-146.54,53.04,0
-145.56,53.27,0
-144.56,53.50,0
-143.57,53.72,0
-142.56,53.94,0
-141.55,54.16,0
-140.54,54.37,0
-139.52,54.57,0
-138.50,54.77,0
-137.47,54.96,0
-136.43,55.15,0
-135.39,55.34,0
-134.35,55.52,0
-133.30,55.69,0
-132.24,55.86,0
-131.18,56.03,0
-130.12,56.19,0
-129.05,56.34,0
-127.98,56.49,0
-126.90,56.64,0
-125.82,56.78,0
-124.74,56.91,0
-123.65,57.04,0
-122.56,57.16,0
-121.46,57.28,0
-120.36,57.40,0
-119.26,57.51,0
-118.15,57.61,0
-117.05,57.71,0
-115.93,57.81,0
-114.82,57.90,0
-113.70,57.98,0
-112.58,58.06,0
-111.46,58.14,0
-110.33,58.21,0
-109.21,58.27,0
-108.08,58.33,0
-106.95,58.39,0
-105.81,58.44,0
-104.68,58.48,0
-103.54,58.52,0
-102.41,58.56,0
-101.27,58.59,0
-100.13,58.61,0
-98.99,58.63,0
-97.85,58.65,0
-96.71,58.66,0
-95.57,58.66,0
-94.43,58.66,0
-93.29,58.66,0
-92.15,58.65,0
-91.01,58.63,0
-89.87,58.61,0
-88.73,58.59,0
-87.59,58.56,0
-86.46,58.52,0
-85.32,58.48,0
-84.19,58.44,0
-83.06,58.39,0
-81.93,58.33,0
-80.80,58.27,0
-79.67,58.21,0
-78.54,58.14,0
-77.42,58.06,0
-76.30,57.98,0
-75.18,57.90,0
-74.07,57.81,0
-72.96,57.71,0
-71.85,57.61,0
-70.74,57.51,0
-69.64,57.40,0
-68.54,57.28,0
-67.44,57.17,0
-66.35,57.04,0
-65.26,56.91,0
-64.18,56.78,0
-63.10,56.64,0
-62.02,56.49,0
-60.95,56.34,0
-59.88,56.19,0
-58.82,56.03,0
-57.76,55.86,0
-56.70,55.69,0
-55.65,55.52,0
-54.61,55.34,0
-53.57,55.15,0
-52.54,54.97,0
-51.51,54.77,0
-150.85,52.64,0
-149.88,52.89,0
-148.90,53.14,0
-147.92,53.39,0
-146.94,53.63,0
-145.95,53.86,0
-144.95,54.09,0
-143.94,54.31,0
-142.93,54.53,0
-141.92,54.75,0
-140.90,54.96,0
-139.87,55.16,0
-138.84,55.36,0
-137.80,55.56,0
-136.76,55.74,0
-135.71,55.93,0
-134.66,56.11,0
-133.61,56.28,0
-132.54,56.45,0
-131.48,56.62,0
-130.41,56.78,0
-129.33,56.93,0
-128.25,57.08,0
-127.17,57.23,0
-126.08,57.37,0
-124.98,57.50,0
-123.89,57.63,0
-122.79,57.76,0
-121.68,57.88,0
-120.57,57.99,0
-119.46,58.10,0
-118.35,58.20,0
-117.23,58.30,0
-116.11,58.40,0
-114.98,58.49,0
-113.86,58.57,0
-112.73,58.65,0
-111.60,58.73,0
-110.46,58.80,0
-109.33,58.86,0
-108.19,58.92,0
-107.05,58.98,0
-105.90,59.03,0
-104.76,59.07,0
-103.62,59.11,0
-102.47,59.15,0
-101.32,59.18,0
-100.17,59.20,0
-99.03,59.22,0
-97.88,59.24,0
-96.73,59.25,0
-95.58,59.25,0
-94.43,59.25,0
-93.28,59.25,0
-92.13,59.24,0
-90.98,59.22,0
-89.83,59.20,0
-88.68,59.18,0
-87.53,59.15,0
-86.39,59.11,0
-85.24,59.07,0
-84.10,59.03,0
-82.96,58.98,0
-81.81,58.92,0
-80.68,58.86,0
-79.54,58.80,0
-78.41,58.73,0
-77.27,58.65,0
-76.14,58.57,0
-75.02,58.49,0
-73.89,58.40,0
-72.77,58.30,0
-71.65,58.20,0
-70.54,58.10,0
-69.43,57.99,0
-68.32,57.88,0
-67.22,57.76,0
-66.12,57.63,0
-65.02,57.50,0
-63.93,57.37,0
-62.84,57.23,0
-61.75,57.08,0
-60.67,56.93,0
-59.60,56.78,0
-58.52,56.62,0
-57.46,56.45,0
-56.40,56.28,0
-55.34,56.11,0
-54.29,55.93,0
-53.24,55.74,0
-52.20,55.56,0
-51.16,55.36,0
-151.27,53.22,0
-150.30,53.48,0
-149.32,53.73,0
-148.33,53.97,0
-147.34,54.21,0
-146.34,54.45,0
-145.34,54.67,0
-144.33,54.90,0
-143.31,55.12,0
-142.29,55.33,0
-141.26,55.54,0
-140.23,55.75,0
-139.19,55.95,0
-138.15,56.14,0
-137.10,56.33,0
-136.04,56.51,0
-134.98,56.69,0
-133.92,56.87,0
-132.85,57.04,0
-131.77,57.20,0
-130.69,57.36,0
-129.61,57.52,0
-128.52,57.67,0
-127.43,57.81,0
-126.33,57.95,0
-125.23,58.09,0
-124.13,58.22,0
-123.02,58.34,0
-121.90,58.46,0
-120.79,58.58,0
-119.67,58.69,0
-118.54,58.79,0
-117.42,58.89,0
-116.29,58.99,0
-115.15,59.07,0
-114.02,59.16,0
-112.88,59.24,0
-111.74,59.31,0
-110.59,59.38,0
-109.45,59.45,0
-108.30,59.51,0
-107.15,59.56,0
-106.00,59.61,0
-104.84,59.66,0
-103.69,59.70,0
-102.53,59.73,0
-101.38,59.76,0
-100.22,59.79,0
-99.06,59.81,0
-97.90,59.82,0
-96.74,59.83,0
-95.58,59.84,0
-94.42,59.84,0
-93.26,59.83,0
-92.10,59.82,0
-90.94,59.81,0
-89.78,59.79,0
-88.63,59.76,0
-87.47,59.73,0
-86.31,59.70,0
-85.16,59.66,0
-84.00,59.61,0
-82.85,59.56,0
-81.70,59.51,0
-80.55,59.45,0
-79.41,59.38,0
-78.27,59.31,0
-77.12,59.24,0
-75.99,59.16,0
-74.85,59.08,0
-73.72,58.99,0
-72.59,58.89,0
-71.46,58.79,0
-70.34,58.69,0
-69.21,58.58,0
-68.10,58.46,0
-66.98,58.34,0
-65.88,58.22,0
-64.77,58.09,0
-63.67,57.95,0
-62.57,57.81,0
-61.48,57.67,0
-60.39,57.52,0
-59.31,57.36,0
-58.23,57.20,0
-57.15,57.04,0
-56.08,56.87,0
-55.02,56.69,0
-53.96,56.52,0
-52.91,56.33,0
-51.86,56.14,0
-50.81,55.95,0
-151.70,53.80,0
-150.72,54.06,0
-149.74,54.31,0
-148.75,54.55,0
-147.75,54.79,0
-146.74,55.03,0
-145.73,55.25,0
-144.71,55.48,0
-143.69,55.70,0
-142.66,55.91,0
-141.63,56.12,0
-140.59,56.33,0
-139.54,56.53,0
-138.49,56.72,0
-137.44,56.91,0
-136.37,57.10,0
-135.31,57.28,0
-134.24,57.45,0
-133.16,57.62,0
-132.08,57.78,0
-130.99,57.94,0
-129.90,58.10,0
-128.80,58.25,0
-127.70,58.39,0
-126.59,58.53,0
-125.48,58.67,0
-124.37,58.80,0
-123.25,58.92,0
-122.13,59.04,0
-121.00,59.16,0
-119.87,59.27,0
-118.74,59.37,0
-117.61,59.47,0
-116.47,59.57,0
-115.32,59.66,0
-114.18,59.74,0
-113.03,59.82,0
-111.88,59.89,0
-110.73,59.96,0
-109.57,60.03,0
-108.41,60.09,0
-107.25,60.14,0
-106.09,60.19,0
-104.93,60.24,0
-103.76,60.28,0
-102.60,60.31,0
-101.43,60.34,0
-100.26,60.37,0
-99.10,60.39,0
-97.93,60.40,0
-96.76,60.41,0
-95.59,60.42,0
-94.42,60.42,0
-93.25,60.41,0
-92.08,60.40,0
-90.91,60.39,0
-89.74,60.37,0
-88.57,60.34,0
-87.40,60.31,0
-86.24,60.28,0
-85.07,60.24,0
-83.91,60.19,0
-82.75,60.14,0
-81.59,60.09,0
-80.43,60.03,0
-79.28,59.96,0
-78.12,59.90,0
-76.97,59.82,0
-75.82,59.74,0
-74.68,59.66,0
-73.54,59.57,0
-72.40,59.47,0
-71.26,59.37,0
-70.13,59.27,0
-69.00,59.16,0
-67.87,59.04,0
-66.75,58.92,0
-65.63,58.80,0
-64.52,58.67,0
-63.41,58.53,0
-62.30,58.39,0
-61.20,58.25,0
-60.10,58.10,0
-59.01,57.94,0
-57.93,57.78,0
-56.84,57.62,0
-55.77,57.45,0
-54.69,57.28,0
-53.63,57.10,0
-52.57,56.91,0
-51.51,56.72,0
-50.46,56.53,0
-152.14,54.38,0
-151.16,54.63,0
-150.16,54.88,0
-149.17,55.13,0
-148.16,55.37,0
-147.15,55.60,0
-146.13,55.83,0
-145.11,56.05,0
-144.08,56.27,0
-143.04,56.49,0
-142.00,56.70,0
-140.96,56.90,0
-139.90,57.10,0
-138.85,57.30,0
-137.78,57.49,0
-136.71,57.67,0
-135.64,57.85,0
-134.56,58.03,0
-133.47,58.20,0
-132.38,58.36,0
-131.29,58.52,0
-130.19,58.67,0
-129.08,58.82,0
-127.97,58.97,0
-126.86,59.11,0
-125.74,59.24,0
-124.62,59.37,0
-123.49,59.50,0
-122.36,59.62,0
-121.23,59.73,0
-120.09,59.84,0
-118.94,59.95,0
-117.80,60.05,0
-116.65,60.14,0
-115.50,60.23,0
-114.34,60.32,0
-113.19,60.40,0
-112.02,60.47,0
-110.86,60.54,0
-109.70,60.60,0
-108.53,60.66,0
-107.36,60.72,0
-106.19,60.77,0
-105.02,60.81,0
-103.84,60.85,0
-102.66,60.89,0
-101.49,60.92,0
-100.31,60.94,0
-99.13,60.96,0
-97.95,60.98,0
-96.77,60.99,0
-95.59,60.99,0
-94.41,60.99,0
-93.23,60.99,0
-92.05,60.98,0
-90.87,60.96,0
-89.69,60.94,0
-88.51,60.92,0
-87.34,60.89,0
-86.16,60.85,0
-84.99,60.81,0
-83.81,60.77,0
-82.64,60.72,0
-81.47,60.66,0
-80.31,60.60,0
-79.14,60.54,0
-77.98,60.47,0
-76.82,60.40,0
-75.66,60.32,0
-74.50,60.23,0
-73.35,60.14,0
-72.20,60.05,0
-71.06,59.95,0
-69.92,59.84,0
-68.78,59.73,0
-67.64,59.62,0
-66.51,59.50,0
-65.38,59.37,0
-64.26,59.24,0
-63.14,59.11,0
-62.03,58.97,0
-60.92,58.82,0
-59.81,58.67,0
-58.71,58.52,0
-57.62,58.36,0
-56.53,58.20,0
-55.44,58.03,0
-54.36,57.85,0
-53.29,57.67,0
-52.22,57.49,0
-51.16,57.30,0
-50.10,57.10,0
