Step_ID,Track_ID,Date,Forecast_Hour,Valid_Hour_UTC,Duration,Centroid_Lon,Centroid_Lat,Storm_Motion_U,Storm_Motion_V,UP_HELI_MAX_mean,UP_HELI_MAX_max,UP_HELI_MAX_min,UP_HELI_MAX_std,UP_HELI_MAX_skew,UP_HELI_MAX_percentile_10,UP_HELI_MAX_percentile_50,UP_HELI_MAX_percentile_90,GRPL_MAX_mean,GRPL_MAX_max,GRPL_MAX_min,GRPL_MAX_std,GRPL_MAX_skew,GRPL_MAX_percentile_10,GRPL_MAX_percentile_50,GRPL_MAX_percentile_90,W_UP_MAX_mean,W_UP_MAX_max,W_UP_MAX_min,W_UP_MAX_std,W_UP_MAX_skew,W_UP_MAX_percentile_10,W_UP_MAX_percentile_50,W_UP_MAX_percentile_90,W_DN_MAX_mean,W_DN_MAX_max,W_DN_MAX_min,W_DN_MAX_std,W_DN_MAX_skew,W_DN_MAX_percentile_10,W_DN_MAX_percentile_50,W_DN_MAX_percentile_90,HAIL_MAX2D_mean,HAIL_MAX2D_max,HAIL_MAX2D_min,HAIL_MAX2D_std,HAIL_MAX2D_skew,HAIL_MAX2D_percentile_10,HAIL_MAX2D_percentile_50,HAIL_MAX2D_percentile_90,HAIL_MAXK1_mean,HAIL_MAXK1_max,HAIL_MAXK1_min,HAIL_MAXK1_std,HAIL_MAXK1_skew,HAIL_MAXK1_percentile_10,HAIL_MAXK1_percentile_50,HAIL_MAXK1_percentile_90,LTG3_MAX_mean,LTG3_MAX_max,LTG3_MAX_min,LTG3_MAX_std,LTG3_MAX_skew,LTG3_MAX_percentile_10,LTG3_MAX_percentile_50,LTG3_MAX_percentile_90,RVORT1_MAX_mean,RVORT1_MAX_max,RVORT1_MAX_min,RVORT1_MAX_std,RVORT1_MAX_skew,RVORT1_MAX_percentile_10,RVORT1_MAX_percentile_50,RVORT1_MAX_percentile_90,UP_HELI_MAX03_mean,UP_HELI_MAX03_max,UP_HELI_MAX03_min,UP_HELI_MAX03_std,UP_HELI_MAX03_skew,UP_HELI_MAX03_percentile_10,UP_HELI_MAX03_percentile_50,UP_HELI_MAX03_percentile_90,UP_HELI_MIN_mean,UP_HELI_MIN_max,UP_HELI_MIN_min,UP_HELI_MIN_std,UP_HELI_MIN_skew,UP_HELI_MIN_percentile_10,UP_HELI_MIN_percentile_50,UP_HELI_MIN_percentile_90,WSPD10MAX_mean,WSPD10MAX_max,WSPD10MAX_min,WSPD10MAX_std,WSPD10MAX_skew,WSPD10MAX_percentile_10,WSPD10MAX_percentile_50,WSPD10MAX_percentile_90,REFD_MAX_mean,REFD_MAX_max,REFD_MAX_min,REFD_MAX_std,REFD_MAX_skew,REFD_MAX_percentile_10,REFD_MAX_percentile_50,REFD_MAX_percentile_90,UBSHR1-potential_mean,UBSHR1-potential_max,UBSHR1-potential_min,UBSHR1-potential_std,UBSHR1-potential_skew,UBSHR1-potential_percentile_10,UBSHR1-potential_percentile_50,UBSHR1-potential_percentile_90,VBSHR1-potential_mean,VBSHR1-potential_max,VBSHR1-potential_min,VBSHR1-potential_std,VBSHR1-potential_skew,VBSHR1-potential_percentile_10,VBSHR1-potential_percentile_50,VBSHR1-potential_percentile_90,UBSHR6-potential_mean,UBSHR6-potential_max,UBSHR6-potential_min,UBSHR6-potential_std,UBSHR6-potential_skew,UBSHR6-potential_percentile_10,UBSHR6-potential_percentile_50,UBSHR6-potential_percentile_90,VBSHR6-potential_mean,VBSHR6-potential_max,VBSHR6-potential_min,VBSHR6-potential_std,VBSHR6-potential_skew,VBSHR6-potential_percentile_10,VBSHR6-potential_percentile_50,VBSHR6-potential_percentile_90,PWAT-potential_mean,PWAT-potential_max,PWAT-potential_min,PWAT-potential_std,PWAT-potential_skew,PWAT-potential_percentile_10,PWAT-potential_percentile_50,PWAT-potential_percentile_90,SRH3-potential_mean,SRH3-potential_max,SRH3-potential_min,SRH3-potential_std,SRH3-potential_skew,SRH3-potential_percentile_10,SRH3-potential_percentile_50,SRH3-potential_percentile_90,LCL_HEIGHT-potential_mean,LCL_HEIGHT-potential_max,LCL_HEIGHT-potential_min,LCL_HEIGHT-potential_std,LCL_HEIGHT-potential_skew,LCL_HEIGHT-potential_percentile_10,LCL_HEIGHT-potential_percentile_50,LCL_HEIGHT-potential_percentile_90,CAPE_SFC-potential_mean,CAPE_SFC-potential_max,CAPE_SFC-potential_min,CAPE_SFC-potential_std,CAPE_SFC-potential_skew,CAPE_SFC-potential_percentile_10,CAPE_SFC-potential_percentile_50,CAPE_SFC-potential_percentile_90,CIN_SFC-potential_mean,CIN_SFC-potential_max,CIN_SFC-potential_min,CIN_SFC-potential_std,CIN_SFC-potential_skew,CIN_SFC-potential_percentile_10,CIN_SFC-potential_percentile_50,CIN_SFC-potential_percentile_90,MUCAPE-potential_mean,MUCAPE-potential_max,MUCAPE-potential_min,MUCAPE-potential_std,MUCAPE-potential_skew,MUCAPE-potential_percentile_10,MUCAPE-potential_percentile_50,MUCAPE-potential_percentile_90,UBSHR6-tendency_mean,UBSHR6-tendency_max,UBSHR6-tendency_min,UBSHR6-tendency_std,UBSHR6-tendency_skew,UBSHR6-tendency_percentile_10,UBSHR6-tendency_percentile_50,UBSHR6-tendency_percentile_90,VBSHR6-tendency_mean,VBSHR6-tendency_max,VBSHR6-tendency_min,VBSHR6-tendency_std,VBSHR6-tendency_skew,VBSHR6-tendency_percentile_10,VBSHR6-tendency_percentile_50,VBSHR6-tendency_percentile_90,REFD_MAX-tendency_mean,REFD_MAX-tendency_max,REFD_MAX-tendency_min,REFD_MAX-tendency_std,REFD_MAX-tendency_skew,REFD_MAX-tendency_percentile_10,REFD_MAX-tendency_percentile_50,REFD_MAX-tendency_percentile_90,area,eccentricity,major_axis_length,minor_axis_length,orientation,extent,Hail_Size,Shape,Location,Scale
mem7_GRPL_MAX_20161118-0000_19_19_000_00,mem7_GRPL_MAX_20161118-0000_19_19_000,2016-11-18 19:00:00,19.00000,19.00000,1.00000,-94.61061,31.64804,24000.00000,6000.00000,10.20574,23.79555,0.00000,8.08780,0.52814,0.00855,9.67759,21.84762,12.14388,17.65266,7.83457,2.94463,0.29978,8.76896,11.84410,16.36813,14.04650,21.64994,5.80486,5.22917,-1.72406,6.69324,15.77055,20.89562,-2.80755,-1.52695,-4.49700,0.62478,-0.02874,-3.45316,-2.77881,-2.15448,0.06020,0.07110,0.05263,0.00562,0.00202,0.05263,0.05818,0.06432,0.00000,0.00000,0.00000,0.00000,0.00000,0.00000,0.00000,0.00000,0.39979,2.44254,0.13228,0.63982,0.22213,0.14105,0.17767,0.82481,0.00134,0.00245,0.00052,0.00059,0.00008,0.00060,0.00126,0.00223,3.47383,9.91014,0.00000,3.28410,0.72958,0.00000,2.74424,8.12553,-7.82392,-1.48178,-18.65282,4.24990,-0.59561,-13.10892,-7.22831,-3.13663,7.77236,8.96946,5.98361,0.80980,-0.15413,6.59009,7.92648,8.76976,51.54311,53.91652,48.36284,1.36284,-0.37559,49.46252,51.91870,52.88865,8.48296,11.12000,5.14000,1.77371,0.04296,6.04200,8.44000,10.69000,0.88481,2.64000,-0.55000,1.01720,0.19481,-0.27400,0.69000,2.36800,11.03518,13.52000,6.60000,2.25512,-0.90481,7.84000,11.94000,13.22600,4.31482,8.80000,1.70000,1.52697,0.01482,2.42000,4.30000,5.94000,39.69667,41.95000,38.28000,1.32449,0.60667,38.40000,39.09000,41.72000,71.14815,112.00000,19.00000,29.85236,2.14815,31.40000,69.00000,107.20000,659.00000,707.00000,535.00000,37.66224,-1.00000,630.40000,660.00000,702.00000,1454.48145,1558.00000,1329.00000,65.49265,4.48145,1377.60000,1450.00000,1534.60000,-1.02963,0.00000,-3.00000,1.10983,-0.22963,-2.74000,-0.80000,0.00000,1454.48145,1558.00000,1329.00000,65.49265,4.48145,1377.60000,1450.00000,1534.60000,-1.51852,4.41000,-8.88000,3.47276,0.71148,-6.18400,-2.23000,3.31000,2.97630,5.55000,-2.86000,1.90611,-0.66370,0.48400,3.64000,4.90000,36.29454,51.04040,22.37237,7.84032,0.48116,26.49080,35.81338,46.75625,27.00000,0.93279,9.65197,3.47873,-0.24805,0.75000,0.00000,0.00000,0.00000,0.00000
mem7_GRPL_MAX_20161118-0000_20_21_001_00,mem7_GRPL_MAX_20161118-0000_20_21_001,2016-11-18 20:00:00,20.00000,20.00000,1.00000,-93.82277,32.12979,30000.00000,9000.00000,13.52488,34.07328,0.00000,10.78830,1.74189,0.05685,11.78300,28.31558,11.60443,17.56230,6.03476,3.15931,0.07033,6.92005,11.53411,15.99438,12.00705,21.05203,3.20071,5.49841,1.63473,5.69062,10.37233,19.78437,-2.65623,-1.48068,-4.49632,0.63282,0.03140,-3.33191,-2.68762,-1.73847,0.05977,0.07110,0.04762,0.00693,0.00159,0.04962,0.05818,0.06838,0.00000,0.00000,0.00000,0.00000,0.00000,0.00000,0.00000,0.00000,0.15669,1.58980,0.08085,0.21740,0.03531,0.09479,0.12138,0.16420,0.00126,0.00187,0.00050,0.00043,-0.00003,0.00060,0.00129,0.00182,3.47521,10.88315,0.00000,2.91985,0.79207,0.24024,2.68315,8.20760,-7.83071,0.00000,-18.48777,5.70059,0.58344,-14.62826,-8.41415,-0.10882,11.65857,13.74812,9.50106,1.04402,-0.22434,10.22265,11.88291,12.85289,50.64243,53.20441,47.67899,1.69346,0.12557,48.65548,50.51685,52.86845,5.33289,9.47000,1.99000,1.87044,0.42289,3.42000,4.91000,8.07800,0.17600,3.42000,-3.12000,1.31761,-0.02400,-1.34000,0.20000,1.80000,10.47267,14.08000,7.34000,1.66918,0.40267,8.89400,10.07000,12.64000,4.46467,6.26000,0.51000,1.38069,-0.32533,2.61600,4.79000,5.72800,38.74601,42.91000,37.49000,1.09383,0.19601,37.59000,38.55000,39.80200,51.62222,82.00000,23.00000,12.51184,1.62222,37.40000,50.00000,66.60000,880.26666,917.00000,751.00000,31.54918,-10.73334,834.20000,891.00000,905.00000,1315.57776,1498.00000,1187.00000,77.61458,-11.42224,1212.20000,1327.00000,1408.20000,-1.41111,0.00000,-5.40000,1.83366,-1.41111,-4.70000,0.00000,0.00000,1315.57776,1498.00000,1187.00000,77.61458,-11.42224,1212.20000,1327.00000,1408.20000,-1.25533,2.95000,-16.59000,4.39191,-1.25533,-6.47400,0.00000,2.10800,14.42022,18.23000,8.04000,1.92693,-0.22978,12.73200,14.65000,16.63600,39.56820,53.17138,17.44427,9.98822,0.28709,25.83631,39.28111,52.43173,45.00000,0.94177,13.04700,4.38719,-0.26180,0.62500,0.00000,0.00000,0.00000,0.00000
mem7_GRPL_MAX_20161118-0000_20_21_001_01,mem7_GRPL_MAX_20161118-0000_20_21_001,2016-11-18 21:00:00,21.00000,21.00000,2.00000,-93.59714,32.17450,9000.00000,3000.00000,7.27922,29.60818,0.00000,10.71974,7.24354,0.00000,0.03569,24.12500,12.70465,16.92411,7.77123,2.87280,0.34202,9.01735,12.36262,16.33753,12.46954,20.16918,2.73907,5.57841,-0.80582,4.10901,13.27536,18.41965,-2.86276,-2.03554,-3.43462,0.36468,0.04636,-3.20664,-2.90912,-2.39803,0.05943,0.06432,0.04762,0.00491,0.00125,0.05263,0.05818,0.06432,0.00000,0.00000,0.00000,0.00000,0.00000,0.00000,0.00000,0.00000,0.20663,0.25299,0.15030,0.03197,-0.00290,0.16107,0.20954,0.24470,0.00103,0.00311,0.00006,0.00092,0.00028,0.00015,0.00076,0.00240,1.99669,10.93195,0.00000,3.73176,1.99669,0.00000,0.00000,8.17020,-0.72988,0.00000,-4.60961,1.17086,-0.56265,-1.93906,-0.16724,0.00000,11.87660,13.67505,9.93040,1.11760,0.06660,10.45344,11.81000,13.33168,50.83141,52.70965,48.40771,1.48030,-0.70050,48.54178,51.53191,52.36231,-0.24294,5.31000,-4.22000,2.58830,0.07706,-3.55200,-0.32000,2.53000,5.76353,10.44000,0.19000,2.89827,-0.25647,1.38600,6.02000,9.28400,3.56412,12.16000,-3.91000,3.75531,0.02412,-0.80600,3.54000,7.74200,14.70941,22.99000,9.41000,3.26297,0.80941,11.44000,13.90000,18.27400,43.23529,47.75000,39.96000,2.31856,0.66529,40.73000,42.57000,46.46200,120.00000,249.00000,6.00000,70.32613,-4.00000,34.80000,124.00000,203.60000,526.00000,875.00000,306.00000,194.00061,88.00000,316.60000,438.00000,830.00000,413.88235,1221.00000,0.00000,490.58896,373.88235,0.00000,40.00000,1154.00000,-43.50588,0.00000,-348.00000,93.01601,-39.00588,-166.32000,-4.50000,0.00000,791.82355,1223.00000,22.00000,353.09161,-111.17645,223.20000,903.00000,1154.00000,8.93235,15.23000,-0.14000,3.67334,-0.92765,4.50800,9.86000,12.72200,3.22588,7.99000,-4.99000,3.19667,-0.79412,-0.23800,4.02000,6.56000,8.25574,24.59596,-1.65161,7.94146,1.71699,-0.22238,6.53875,20.73639,17.00000,0.88633,6.72484,3.11399,-0.47237,0.70833,0.00000,0.00000,0.00000,0.00000
mem7_GRPL_MAX_20161118-0000_20_20_002_00,mem7_GRPL_MAX_20161118-0000_20_20_002,2016-11-18 20:00:00,20.00000,20.00000,1.00000,-92.80120,33.23995,24000.00000,-15000.00000,20.07897,45.89734,0.77375,15.47143,4.33650,1.37691,15.74246,43.69743,11.43264,15.02472,7.09488,2.51046,-0.68732,7.77175,12.11996,14.48280,13.10184,19.91566,3.85464,5.20264,-0.99091,5.92170,14.09275,19.04422,-2.54901,-0.74544,-3.86224,0.88132,0.17094,-3.71310,-2.71995,-1.19104,0.05929,0.07110,0.04762,0.00649,-0.00196,0.04912,0.06125,0.06432,0.00000,0.00000,0.00000,0.00000,0.00000,0.00000,0.00000,0.00000,0.55320,1.97460,0.09529,0.70268,0.39074,0.12594,0.16246,1.72440,0.00132,0.00213,0.00050,0.00053,0.00004,0.00071,0.00128,0.00203,7.05523,14.97138,0.00000,4.83310,0.88593,0.51019,6.16930,13.55003,-4.28302,0.00000,-13.02504,3.87033,-0.59174,-9.35626,-3.69128,0.00000,9.96511,11.12219,8.99052,0.50568,0.08946,9.39791,9.87565,10.56894,50.92484,53.02346,47.60445,1.77149,-0.18538,48.11298,51.11021,52.89850,9.40875,10.98000,6.47000,1.38312,-0.41125,7.35600,9.82000,10.81700,3.62875,5.47000,1.81000,1.03882,0.14375,2.31200,3.48500,5.19300,17.12500,17.72000,16.18000,0.43310,-0.05500,16.52500,17.18000,17.52000,7.98708,8.72000,7.58000,0.30774,0.05708,7.65000,7.93000,8.36400,38.44542,39.37000,37.41000,0.44951,0.00042,37.96200,38.44500,38.92500,97.58334,111.00000,87.00000,7.08235,1.08334,88.60000,96.50000,107.70000,688.95831,744.00000,625.00000,41.25276,-4.54169,635.60000,693.50000,736.00000,1272.08337,1392.00000,1150.00000,70.76188,-15.91663,1174.00000,1288.00000,1349.10000,-1.82083,0.00000,-6.70000,2.47706,-1.82083,-5.87000,0.00000,0.00000,1272.08337,1392.00000,1150.00000,70.76188,-15.91663,1174.00000,1288.00000,1349.10000,-11.18458,-7.71000,-16.21000,2.42133,-0.69958,-14.32900,-10.48500,-8.20000,13.32875,18.33000,-2.25000,5.73258,-2.70625,5.30200,16.03500,18.00100,50.18815,53.02346,40.27789,3.40032,-0.92206,45.63377,51.11021,52.89850,24.00000,0.93807,9.37257,3.24712,-0.40668,0.60000,0.00000,0.00000,0.00000,0.00000
mem7_GRPL_MAX_20161118-0000_20_22_003_00,mem7_GRPL_MAX_20161118-0000_20_22_003,2016-11-18 20:00:00,20.00000,20.00000,1.00000,-92.52504,33.65736,15000.00000,-3000.00000,21.63836,53.41072,0.38647,14.74528,3.72075,5.29224,17.91760,45.50239,11.29214,19.67060,6.17895,3.75737,0.65685,7.11566,10.63529,17.53286,13.23468,21.34391,4.05846,4.19885,-0.30353,6.67547,13.53821,18.34011,-2.24907,-0.76294,-3.49433,0.60103,-0.04496,-3.10967,-2.20411,-1.55031,0.05893,0.07110,0.04762,0.00718,0.00075,0.04762,0.05818,0.07110,0.00000,0.00000,0.00000,0.00000,0.00000,0.00000,0.00000,0.00000,0.14855,0.20024,0.08583,0.02767,-0.00173,0.11291,0.15028,0.18636,0.00186,0.00248,0.00034,0.00046,0.00000,0.00148,0.00186,0.00237,7.44732,16.74142,0.00000,4.50232,1.42064,2.63068,6.02668,14.36468,-4.08038,0.00000,-13.97112,4.04716,-1.19641,-9.92130,-2.88397,0.00000,9.26657,10.33836,7.63857,0.53066,-0.05051,8.64443,9.31708,9.92439,50.42857,53.84759,40.40035,2.38142,-0.52082,47.36638,50.94939,52.86913,7.58719,12.55000,0.66000,3.21975,-0.53281,2.72600,8.12000,11.36600,6.41719,12.12000,0.92000,2.47943,0.60719,3.95000,5.81000,10.42800,15.44509,18.68000,6.41000,3.04913,-1.06491,10.75600,16.51000,17.99600,14.15053,23.35000,9.08000,3.66545,0.47053,10.02400,13.68000,19.64800,40.49509,46.91000,37.49000,2.37756,0.60509,37.91400,39.89000,43.55800,113.96491,189.00000,28.00000,30.67084,5.96491,91.60000,108.00000,160.00000,554.61401,696.00000,239.00000,138.37297,-60.38599,324.00000,615.00000,681.00000,1109.35083,1266.00000,586.00000,129.38159,-18.64917,970.60000,1128.00000,1238.20000,-2.46140,0.00000,-8.10000,1.97438,-0.16140,-4.90000,-2.30000,0.00000,1116.64917,1266.00000,578.00000,119.87062,-11.35083,999.80000,1128.00000,1238.20000,-6.51263,8.16000,-19.53000,7.00730,-0.96263,-16.32200,-5.55000,2.83200,11.21965,18.61000,2.25000,4.22997,0.30965,5.29200,10.91000,16.18800,20.45814,38.75685,0.43668,11.23446,1.20925,7.64288,19.24890,36.71369,57.00000,0.90434,13.78465,5.88335,-0.57209,0.52778,0.00000,0.00000,0.00000,0.00000
mem7_GRPL_MAX_20161118-0000_20_22_003_01,mem7_GRPL_MAX_20161118-0000_20_22_003,2016-11-18 21:00:00,21.00000,21.00000,2.00000,-92.09864,33.81514,36000.00000,21000.00000,23.21698,47.24657,0.00000,15.00340,-5.53844,0.02496,28.75542,40.38260,10.68594,17.71461,6.00704,2.74203,-0.18469,6.89793,10.87063,14.05025,11.42265,17.01833,3.34600,3.29907,-0.73162,6.22367,12.15428,14.84853,-2.45506,-0.91419,-4.73648,0.63883,-0.04569,-3.21918,-2.40937,-1.64684,0.05820,0.07110,0.04762,0.00557,0.00002,0.05263,0.05818,0.06432,0.00000,0.00000,0.00000,0.00000,0.00000,0.00000,0.00000,0.00000,0.23132,0.27748,0.11711,0.03203,-0.00414,0.19122,0.23546,0.26685,0.00154,0.00323,0.00023,0.00071,-0.00004,0.00050,0.00159,0.00237,7.91015,14.55724,0.00000,5.23931,-0.63317,0.00000,8.54333,13.89806,-6.06846,0.00000,-21.82789,5.44040,-1.20550,-15.00335,-4.86296,-0.00097,9.77523,12.70290,8.35655,0.88799,0.11991,8.76236,9.65533,10.76820,49.52805,52.89577,45.61256,1.59133,-0.54102,47.23011,50.06907,51.08527,6.87707,11.69000,0.48000,2.90484,-0.38293,3.19900,7.26000,10.12800,5.15880,10.89000,0.15000,2.33341,0.08381,1.97700,5.07500,8.51000,12.39554,20.05000,-0.74000,5.59799,-0.95946,4.20300,13.35500,18.25800,16.35304,29.54000,9.79000,5.64323,2.69304,10.97200,13.66000,25.10300,39.77087,46.89000,36.76000,2.60638,0.41587,37.14700,39.35500,43.55000,91.18478,149.00000,20.00000,26.64783,-0.31522,56.20000,91.50000,122.70000,538.10870,760.00000,176.00000,201.17320,-129.89130,235.20000,668.00000,721.90000,864.64130,1155.00000,0.00000,334.03439,-154.85870,178.90000,1019.50000,1115.20000,-3.87609,0.00000,-112.70000,13.51858,-3.67609,-4.26000,-0.20000,0.00000,918.68475,1155.00000,23.00000,245.42664,-100.81525,533.70000,1019.50000,1115.20000,1.14489,11.98000,-9.67000,5.11341,0.48989,-4.22100,0.65500,8.28600,9.85891,16.77000,-3.26000,5.79914,-1.62609,0.77000,11.48500,16.00700,25.87159,51.08816,-2.48912,16.38499,0.08537,4.09027,25.78622,49.97675,92.00000,0.98218,25.42122,4.77782,-0.56388,0.32857,0.00000,0.00000,0.00000,0.00000
mem7_GRPL_MAX_20161118-0000_20_22_003_02,mem7_GRPL_MAX_20161118-0000_20_22_003,2016-11-18 22:00:00,22.00000,22.00000,3.00000,-91.90321,33.42616,24000.00000,-39000.00000,14.20921,45.01899,0.00000,11.95111,2.71465,1.45865,11.49456,32.22837,11.07754,18.67816,6.10671,3.42115,-0.04010,6.75053,11.11765,16.13682,10.34294,17.38000,2.86813,3.78071,0.00033,5.28921,10.34261,15.40910,-2.67833,-1.32397,-4.77533,0.86951,-0.33364,-4.07375,-2.34469,-1.77259,0.05833,0.07110,0.04308,0.00687,0.00015,0.04762,0.05818,0.06432,0.00000,0.00000,0.00000,0.00000,0.00000,0.00000,0.00000,0.00000,0.25646,2.59731,0.08700,0.41231,0.08149,0.12035,0.17497,0.21804,0.00144,0.00383,0.00044,0.00082,0.00025,0.00069,0.00118,0.00276,5.91708,26.29015,0.00000,6.69250,2.85887,0.00584,3.05821,17.51748,-5.08613,0.00000,-27.08719,5.64477,-1.44259,-11.93679,-3.64355,-0.19905,11.03239,12.85270,8.58090,1.08184,-0.12386,9.61508,11.15626,12.40862,50.97208,53.45379,44.42567,1.53745,-0.13465,49.33802,51.10674,52.83828,6.11472,10.47000,-2.72000,3.10394,-0.70528,0.29400,6.82000,9.30600,5.06742,11.00000,2.90000,1.67668,0.32742,3.46000,4.74000,7.57200,13.58169,18.76000,2.64000,3.54887,-0.61831,8.44400,14.20000,17.46000,12.32247,23.60000,8.20000,2.96643,0.62247,9.20000,11.70000,15.64000,40.35528,49.26000,35.80000,3.88316,1.30528,36.04800,39.05000,46.34000,88.13483,160.00000,29.00000,23.49621,-1.86517,64.00000,90.00000,113.60000,723.24719,868.00000,181.00000,213.99477,-93.75281,261.80000,817.00000,852.40000,830.84271,1084.00000,4.00000,308.43451,-108.15729,166.60000,939.00000,1048.60000,-8.76742,0.00000,-101.70000,18.38419,-4.36742,-5.80000,-4.40000,-3.14000,887.91010,1084.00000,274.00000,185.74573,-55.08990,592.80000,943.00000,1049.80000,-3.94191,6.44000,-12.81000,4.24645,0.31809,-9.12400,-4.26000,1.82000,7.33281,16.77000,-10.45000,5.90019,-1.53719,-1.65000,8.87000,13.39600,29.90015,52.81057,-8.05736,19.94668,-4.82631,-0.06839,34.72646,51.65810,89.00000,0.97573,24.14225,5.28616,-0.50809,0.34231,0.00000,0.00000,0.00000,0.00000
mem7_GRPL_MAX_20161118-0000_21_21_004_00,mem7_GRPL_MAX_20161118-0000_21_21_004,2016-11-18 21:00:00,21.00000,21.00000,1.00000,-92.33068,33.32588,30000.00000,-30000.00000,23.31342,42.39332,0.09464,10.78405,-1.16500,8.47051,24.47843,36.87244,11.60929,17.22292,6.05218,3.01072,-0.28963,7.18440,11.89892,15.45413,11.92432,19.25638,3.88432,4.06893,-1.05908,5.84892,12.98340,16.38194,-2.62318,-1.02246,-5.86072,0.97911,-0.24329,-3.96551,-2.37989,-1.64607,0.05951,0.07110,0.04762,0.00533,0.00133,0.05263,0.05818,0.06432,0.00000,0.00000,0.00000,0.00000,0.00000,0.00000,0.00000,0.00000,0.53431,2.35378,0.10545,0.67444,0.32025,0.13697,0.21406,1.76624,0.00186,0.00384,0.00027,0.00085,0.00017,0.00089,0.00170,0.00303,9.26128,24.83875,0.00216,7.10813,1.49415,1.44881,7.76713,18.85715,-5.15599,0.00000,-13.80926,3.74669,-0.45282,-10.67648,-4.70317,-0.04688,9.54540,10.98019,7.65675,0.59188,0.00222,9.00292,9.54318,10.34777,51.75891,53.09269,48.63966,1.06129,-0.38518,50.10527,52.14409,52.81524,8.72172,10.60000,3.59000,1.55857,-0.07828,6.86200,8.80000,10.40400,3.50115,5.78000,2.06000,0.94162,0.10115,2.38400,3.40000,4.87600,16.97896,22.67000,1.74000,4.31185,-0.04104,12.12000,17.02000,22.17200,8.98943,16.38000,3.60000,2.38549,0.34943,6.50600,8.64000,12.06200,37.92690,48.26000,35.28000,2.73481,0.61690,35.62400,37.31000,40.60000,90.35632,116.00000,-12.00000,23.75690,-7.64368,59.20000,98.00000,110.40000,772.83905,816.00000,444.00000,41.85878,-4.16095,758.20000,777.00000,801.20000,1185.17236,1366.00000,836.00000,105.94948,-19.82764,1051.60000,1205.00000,1326.40000,-0.42414,0.00000,-2.60000,0.49316,-0.12414,-1.10000,-0.30000,0.00000,1185.17236,1366.00000,836.00000,105.94948,-19.82764,1051.60000,1205.00000,1326.40000,-6.16035,8.72000,-19.52000,5.43281,-0.57035,-14.29200,-5.59000,-0.77800,14.49448,19.71000,3.70000,3.91510,-1.03552,8.08800,15.53000,18.75000,46.57120,53.09269,0.99024,11.59968,-4.90431,32.53205,51.47551,52.81524,87.00000,0.94303,18.85025,6.27141,-0.31791,0.48333,0.00000,0.00000,0.00000,0.00000
mem7_GRPL_MAX_20161118-0000_21_21_005_00,mem7_GRPL_MAX_20161118-0000_21_21_005,2016-11-18 21:00:00,21.00000,21.00000,1.00000,-87.82876,39.28818,30000.00000,-42000.00000,23.52086,37.52587,11.92833,7.48491,0.70361,13.39913,22.81726,33.74433,9.68837,12.97154,6.23032,1.95542,-0.33391,6.66467,10.02228,12.20370,10.32322,14.51381,6.23640,2.59372,-0.07950,6.80368,10.40272,13.79332,-3.21330,-1.91288,-4.19800,0.66052,0.06829,-3.92645,-3.28159,-2.32842,0.05449,0.05818,0.04762,0.00362,0.00186,0.04912,0.05263,0.05818,0.00000,0.00000,0.00000,0.00000,0.00000,0.00000,0.00000,0.00000,0.23208,0.25179,0.18721,0.01462,-0.00455,0.21230,0.23663,0.24747,0.00159,0.00188,0.00126,0.00015,0.00002,0.00138,0.00158,0.00181,4.55828,7.37088,3.29562,1.09181,0.36929,3.46077,4.18899,6.06275,-0.11496,0.00000,-0.84787,0.16349,-0.04284,-0.19900,-0.07211,-0.03627,13.60169,14.54560,12.64947,0.50531,0.01171,12.97702,13.58998,14.25663,48.94952,51.94775,46.25642,1.35676,-0.14905,46.93918,49.09857,50.32649,12.01088,13.49000,9.79000,1.06634,0.01088,10.51000,12.00000,13.32500,8.21647,10.07000,6.68000,0.89778,-0.10353,7.08200,8.32000,9.50300,13.81676,14.31000,13.22000,0.31703,-0.01824,13.36400,13.83500,14.21100,21.24353,22.65000,20.43000,0.57104,0.02353,20.56300,21.22000,22.04900,33.08147,34.37000,32.11000,0.65432,0.21147,32.31000,32.87000,34.13000,167.32353,199.00000,119.00000,21.79142,-3.67647,137.50000,171.00000,189.70000,518.85297,558.00000,431.00000,32.14135,-12.14703,471.10000,531.00000,546.10000,0.23529,4.00000,0.00000,0.84222,0.23529,0.00000,0.00000,0.00000,-11.63235,0.00000,-132.80000,37.39420,-11.63235,0.00000,0.00000,0.00000,538.11768,629.00000,433.00000,62.98728,-12.38232,463.30000,550.50000,613.70000,-4.77176,-0.68000,-9.41000,2.59677,-0.67676,-8.69400,-4.09500,-1.59000,-7.00529,-0.53000,-20.71000,5.44816,-1.20029,-14.39900,-5.80500,-1.36200,23.29412,32.17574,16.28852,3.73197,0.61454,18.82335,22.67958,27.75751,34.00000,0.98840,17.65290,2.68047,-0.93930,0.24286,0.00000,0.00000,0.00000,0.00000
mem7_GRPL_MAX_20161118-0000_22_22_006_00,mem7_GRPL_MAX_20161118-0000_22_22_006,2016-11-18 22:00:00,22.00000,22.00000,1.00000,-93.67480,31.30103,18000.00000,-18000.00000,17.01207,36.89907,0.00000,11.61766,-1.86611,0.13527,18.87819,32.33800,11.92291,19.02192,6.07826,3.91644,0.96829,6.89117,10.95462,17.66582,14.38312,23.17077,2.58782,6.00142,-0.61567,5.32460,14.99879,21.79049,-3.05701,-1.50156,-4.37590,0.76337,0.02118,-3.97089,-3.07819,-1.91315,0.06036,0.07110,0.04762,0.00659,0.00218,0.05263,0.05818,0.07110,0.00000,0.00000,0.00000,0.00000,0.00000,0.00000,0.00000,0.00000,0.18856,0.26404,0.10057,0.04211,-0.00735,0.12902,0.19590,0.24073,0.00216,0.00393,0.00047,0.00098,-0.00035,0.00065,0.00251,0.00312,7.65476,17.90439,0.00000,6.35910,1.24258,0.00000,6.41218,16.92624,-3.67078,0.00000,-14.67736,3.30088,-0.90099,-7.76120,-2.76979,-0.15685,10.55788,13.68928,7.55691,1.72079,0.12852,8.41465,10.42936,12.76580,50.27595,52.98498,46.24589,1.96882,-0.22633,47.64476,50.50228,52.65669,4.88939,7.80000,-1.41000,2.53432,-1.31061,1.18600,6.20000,7.38400,3.11857,7.86000,-0.72000,1.73106,0.45857,1.55000,2.66000,6.02800,9.11041,13.95000,0.19000,3.73584,-1.36959,2.92200,10.48000,12.78400,6.86327,16.80000,3.30000,3.09494,0.56326,3.78000,6.30000,11.48000,41.75898,49.99000,36.46000,3.14714,1.08898,38.91200,40.67000,46.19600,72.36735,109.00000,-5.00000,18.69813,-1.63265,53.80000,74.00000,91.40000,839.06122,1044.00000,261.00000,232.43761,-97.93878,397.40000,937.00000,1010.80000,1146.38770,1341.00000,433.00000,190.10371,-48.61230,903.00000,1195.00000,1304.00000,-5.84490,-0.30000,-16.10000,3.89243,-1.24490,-12.32000,-4.60000,-2.76000,1167.26526,1341.00000,433.00000,176.24632,-40.73474,915.60000,1208.00000,1304.00000,-0.44592,9.90000,-10.46000,4.94274,0.01408,-6.35400,-0.46000,6.64800,8.85367,15.62000,-0.65000,3.92957,-0.14633,3.67600,9.00000,13.98600,35.86833,52.07249,2.59760,14.13185,-1.70414,13.69176,37.57247,50.70479,49.00000,0.93230,13.95619,5.04773,-0.04881,0.62821,0.00000,0.00000,0.00000,0.00000
mem7_GRPL_MAX_20161118-0000_22_23_007_00,mem7_GRPL_MAX_20161118-0000_22_23_007,2016-11-18 22:00:00,22.00000,22.00000,1.00000,-91.66707,33.91454,36000.00000,6000.00000,17.04964,43.98195,0.00000,12.80827,1.72248,0.10054,15.32716,36.69324,8.76744,14.02418,6.04103,1.87956,0.26491,6.44861,8.50253,11.27302,11.17081,17.61333,2.83517,2.79551,-0.12202,7.64525,11.29283,14.58041,-2.46834,-1.04993,-4.09349,0.53458,-0.06535,-3.15938,-2.40298,-1.83850,0.05340,0.06432,0.03897,0.00535,0.00076,0.04762,0.05263,0.05818,0.00000,0.00000,0.00000,0.00000,0.00000,0.00000,0.00000,0.00000,0.18429,0.23096,0.10385,0.02695,-0.00331,0.14715,0.18760,0.21450,0.00167,0.00376,0.00025,0.00111,0.00049,0.00046,0.00119,0.00341,5.50418,16.29922,0.00000,4.55203,1.02826,0.30663,4.47592,12.55145,-3.55164,0.00000,-16.72437,3.40596,-0.63516,-7.99501,-2.91648,-0.10351,10.10074,15.07973,5.90913,2.11065,-0.14117,6.89533,10.24191,12.45698,49.69624,51.22333,44.32376,1.21427,-0.29005,48.26797,49.98629,51.05737,4.29859,9.18000,-3.44000,3.53244,-1.21141,-1.25000,5.51000,8.04000,7.61140,18.03000,2.64000,3.33143,1.25140,4.63000,6.36000,12.84000,10.40041,18.30000,1.91000,4.07570,0.46041,5.31000,9.94000,17.02000,23.13058,36.10000,12.20000,7.00888,-1.56942,13.00000,24.70000,31.00000,39.77471,43.66000,37.21000,1.56183,0.10471,37.69000,39.67000,41.98000,134.38017,398.00000,6.00000,75.37633,20.38017,65.00000,114.00000,237.00000,475.11569,853.00000,210.00000,224.13663,81.11569,241.00000,394.00000,832.00000,259.44629,922.00000,0.00000,367.49170,259.44629,0.00000,0.00000,859.00000,-17.88512,0.00000,-329.79999,55.61093,-17.88512,-31.30000,0.00000,0.00000,643.89258,937.00000,22.00000,232.78990,-71.10742,267.00000,715.00000,868.00000,1.73231,10.62000,-14.57000,4.59307,-0.67769,-3.44000,2.41000,6.71000,0.48785,10.86000,-8.84000,4.80592,1.39785,-5.54000,-0.91000,7.49000,19.17794,50.28881,-2.55069,16.16667,2.30305,0.35360,16.87489,46.87676,121.00000,0.95564,26.41900,7.78173,-0.65112,0.32353,0.00000,0.00000,0.00000,0.00000
mem7_GRPL_MAX_20161118-0000_22_23_007_01,mem7_GRPL_MAX_20161118-0000_22_23_007,2016-11-18 23:00:00,23.00000,23.00000,2.00000,-91.57473,33.76071,6000.00000,-24000.00000,6.55095,11.15767,1.46055,3.14310,0.34706,2.31649,6.20389,10.90177,8.30756,11.06764,6.22653,1.35403,0.19562,6.69725,8.11194,10.32573,8.83671,11.60084,5.91620,1.53034,0.31619,6.76827,8.52052,10.78451,-1.94630,-1.41706,-2.80614,0.31731,-0.05842,-2.38981,-1.88788,-1.59271,0.04930,0.05818,0.04308,0.00381,0.00169,0.04444,0.04762,0.05263,0.00000,0.00000,0.00000,0.00000,0.00000,0.00000,0.00000,0.00000,0.19028,0.24107,0.11350,0.03435,-0.00822,0.14128,0.19851,0.23175,0.00077,0.00091,0.00056,0.00009,0.00001,0.00062,0.00076,0.00088,0.50781,2.12026,0.00000,0.56447,0.15580,0.00000,0.35201,1.33245,-7.01447,-2.22470,-12.08853,2.56063,0.05714,-10.06230,-7.07161,-3.05319,7.61031,9.20410,5.28576,1.11082,-0.13593,6.10676,7.74624,9.07728,48.18587,49.74265,45.46503,1.14224,-0.17629,46.62256,48.36217,49.60226,8.27250,11.73000,5.29000,1.72660,0.22250,6.12200,8.05000,10.81800,6.43727,8.29000,3.88000,1.09565,-0.11773,4.98600,6.55500,7.74600,13.45000,16.30000,5.88000,2.17075,-0.39000,11.24200,13.84000,15.66800,21.31682,27.48000,17.05000,2.62487,0.27682,18.38100,21.04000,25.12200,40.95159,43.44000,39.23000,1.05472,0.14159,39.72400,40.81000,42.36800,48.47727,138.00000,-30.00000,39.17530,8.97727,-3.20000,39.50000,98.00000,346.54544,549.00000,283.00000,59.91185,18.04544,292.60000,328.50000,395.50000,0.00000,0.00000,0.00000,0.00000,0.00000,0.00000,0.00000,0.00000,0.00000,0.00000,0.00000,0.00000,0.00000,0.00000,0.00000,0.00000,476.15909,840.00000,188.00000,192.95865,45.15909,256.90000,431.00000,779.00000,-0.56000,6.84000,-3.71000,2.62329,0.65000,-3.04700,-1.21000,3.28400,-0.53045,5.96000,-6.95000,3.46816,0.61455,-4.71900,-1.14500,5.15500,4.94677,9.08695,-1.05997,2.60679,-0.79032,1.30125,5.73709,7.71701,44.00000,0.90586,11.67226,4.94412,-0.66732,0.55000,0.00000,0.00000,0.00000,0.00000
mem7_GRPL_MAX_20161118-0000_22_22_008_00,mem7_GRPL_MAX_20161118-0000_22_22_008,2016-11-18 22:00:00,22.00000,22.00000,1.00000,-91.18017,34.42608,21000.00000,9000.00000,17.40641,28.44960,10.35868,5.38833,0.80871,11.07169,16.59770,24.92569,8.37312,10.73301,6.25234,1.34810,0.52175,6.71001,7.85137,10.06184,12.63661,18.24381,4.97934,3.77981,-1.41687,7.26039,14.05348,16.84550,-3.53684,-2.57231,-3.94584,0.39134,0.15630,-3.91058,-3.69314,-2.90158,0.05545,0.06432,0.05263,0.00349,0.00281,0.05263,0.05263,0.05818,0.00000,0.00000,0.00000,0.00000,0.00000,0.00000,0.00000,0.00000,0.21113,0.22964,0.17538,0.01736,-0.00686,0.17785,0.21798,0.22525,0.00292,0.00394,0.00157,0.00079,-0.00010,0.00167,0.00302,0.00382,6.29616,9.22870,1.59597,2.16201,-0.29619,3.08743,6.59235,8.54132,-1.59716,0.00000,-8.76533,2.41512,-1.24733,-4.46682,-0.34983,0.00000,13.64556,15.84120,10.58816,1.54612,-0.30632,11.49361,13.95188,15.70711,47.49217,49.31718,45.80715,0.99643,-0.13499,46.17207,47.62716,48.69787,2.05125,7.72000,-4.98000,4.52808,-1.31375,-4.25000,3.36500,7.14500,6.25688,13.12000,0.62000,4.00268,0.64188,1.20000,5.61500,11.75500,11.20687,15.16000,6.33000,2.79009,-0.91313,6.53000,12.12000,13.83500,23.55000,35.80000,16.90000,6.98910,4.15000,17.45000,19.40000,34.95000,39.22688,41.18000,38.20000,0.89359,0.42687,38.37000,38.80000,40.57500,123.18750,270.00000,52.00000,77.85019,46.68750,56.00000,76.50000,242.00000,717.62500,782.00000,551.00000,70.09536,-38.37500,632.50000,756.00000,780.50000,487.87500,797.00000,0.00000,336.80167,-235.62500,0.00000,723.50000,771.50000,-8.11250,0.00000,-83.40000,19.72805,-5.06250,-9.50000,-3.05000,0.00000,707.75000,853.00000,421.00000,120.85348,-65.25000,563.50000,773.00000,818.50000,-3.65437,5.60000,-9.71000,4.23873,0.24563,-9.11000,-3.90000,1.60000,-5.87063,4.03000,-22.84000,8.63894,-2.83063,-18.97000,-3.04000,2.96000,36.55830,48.40527,23.70066,8.49024,1.89825,25.37315,34.66005,47.16876,16.00000,0.92181,9.03388,3.50199,-0.58544,0.38095,0.00000,0.00000,0.00000,0.00000
mem7_GRPL_MAX_20161118-0000_22_22_009_00,mem7_GRPL_MAX_20161118-0000_22_22_009,2016-11-18 22:00:00,22.00000,22.00000,1.00000,-87.14792,39.90623,72000.00000,105000.00000,27.68390,48.54579,10.82044,9.89780,1.05551,15.91783,26.62839,44.00100,10.61246,14.11512,6.03235,1.92847,-0.22339,7.77680,10.83585,13.29620,10.64060,14.02976,6.15904,1.41219,-0.13727,8.69415,10.77787,12.21401,-2.95817,-0.62100,-4.80291,0.78628,-0.10367,-4.14353,-2.85450,-2.01395,0.05683,0.06432,0.04762,0.00475,-0.00135,0.05263,0.05818,0.06432,0.00000,0.00000,0.00000,0.00000,0.00000,0.00000,0.00000,0.00000,0.20497,0.23243,0.13422,0.01941,-0.00619,0.17689,0.21116,0.22532,0.00151,0.00254,0.00064,0.00045,-0.00001,0.00093,0.00151,0.00218,4.21998,9.35657,0.00000,2.54574,0.06639,0.81608,4.15359,7.98283,-0.79896,0.00000,-4.36035,0.90321,-0.28715,-2.04423,-0.51181,-0.06937,12.97157,15.09279,11.17386,1.08266,0.15541,11.58795,12.81616,14.50688,49.98110,51.78870,45.38370,1.27172,-0.11872,48.48183,50.09982,51.42898,10.69805,14.43000,8.30000,1.33299,0.03805,9.09600,10.66000,12.70800,8.97422,13.00000,2.33000,2.02223,-0.23578,6.27400,9.21000,11.28600,12.49384,17.23000,5.31000,2.56946,-0.57616,8.60200,13.07000,15.16000,24.61784,31.60000,20.80000,2.36880,0.01784,21.50000,24.60000,27.52000,32.86270,37.68000,27.98000,2.41019,-0.65730,29.58000,33.52000,35.54800,166.47028,249.00000,91.00000,28.94618,3.47028,134.00000,163.00000,200.00000,487.97296,586.00000,358.00000,62.23038,-5.02704,405.00000,493.00000,566.00000,13.80000,70.00000,0.00000,19.09289,10.80000,0.00000,3.00000,45.00000,-53.38649,0.00000,-155.30000,52.50917,23.61351,-119.84000,-77.00000,0.00000,339.08109,515.00000,7.00000,82.23229,0.08109,241.00000,339.00000,444.60000,-5.33838,1.45000,-11.37000,2.68139,-0.22838,-8.75000,-5.11000,-1.81400,-5.94681,3.25000,-16.61000,4.45288,-0.91681,-11.89000,-5.03000,-0.94200,22.16712,37.73273,4.31352,8.03094,1.67270,12.17806,20.49443,33.28318,185.00000,0.97424,41.32412,9.31829,-0.90297,0.22024,0.00000,0.00000,0.00000,0.00000
mem7_GRPL_MAX_20161118-0000_23_24_010_00,mem7_GRPL_MAX_20161118-0000_23_24_010,2016-11-18 23:00:00,23.00000,23.00000,1.00000,-95.60350,29.06872,12000.00000,-12000.00000,10.77462,16.67191,4.35907,3.75534,-0.57444,5.23479,11.34905,15.37724,14.93236,23.14686,7.75517,4.28397,0.81070,9.51144,14.12166,20.50430,16.17599,21.58210,3.05765,5.32085,-1.51650,8.04987,17.69249,20.68580,-3.02634,-1.01186,-4.33229,1.02630,0.30839,-4.08909,-3.33473,-1.26696,0.06599,0.07859,0.05263,0.00767,0.00168,0.05541,0.06432,0.07484,0.00000,0.00000,0.00000,0.00000,0.00000,0.00000,0.00000,0.00000,0.34941,1.70392,0.15845,0.35296,0.08733,0.20354,0.26208,0.33100,0.00240,0.00414,0.00080,0.00101,0.00012,0.00119,0.00227,0.00375,6.41159,12.44951,2.06274,3.01745,0.56830,2.99432,5.84329,10.78784,-2.27320,0.00000,-6.77990,2.48541,-1.44076,-5.82801,-0.83244,0.00000,9.55932,12.93591,7.37965,1.73973,0.64031,7.59566,8.91901,12.43594,51.81059,53.50446,48.16521,1.54443,-0.43449,49.36195,52.24508,53.20665,3.91625,5.64000,1.53000,1.07281,-0.26375,2.53000,4.18000,5.03500,-1.81062,0.36000,-3.26000,1.30668,0.24438,-3.21500,-2.05500,0.05000,8.54750,10.09000,7.24000,0.88008,-0.03750,7.45500,8.58500,9.62000,-10.34625,-7.77000,-12.51000,1.46982,0.06375,-12.17500,-10.41000,-8.24000,43.28125,47.38000,41.38000,1.81345,0.67625,41.66000,42.60500,46.04500,83.68750,122.00000,43.00000,20.54482,-4.31250,52.50000,88.00000,102.50000,739.31250,799.00000,677.00000,34.35971,4.31250,701.50000,735.00000,784.00000,1771.12500,1835.00000,1712.00000,31.21273,0.12500,1729.00000,1771.00000,1807.50000,-1.10625,0.00000,-4.60000,1.07032,-0.10625,-1.80000,-1.00000,0.00000,1771.12500,1835.00000,1712.00000,31.21273,0.12500,1729.00000,1771.00000,1807.50000,-4.09000,6.52000,-15.18000,7.51702,0.28500,-14.57000,-4.37500,5.32000,20.25250,26.50000,12.06000,4.65576,0.26750,14.16000,19.98500,26.12500,37.58992,52.50686,16.46119,9.94459,-1.17408,22.20697,38.76399,50.99235,16.00000,0.00000,4.47214,4.47214,0.78540,1.00000,0.00000,0.00000,0.00000,0.00000
mem7_GRPL_MAX_20161118-0000_23_24_010_01,mem7_GRPL_MAX_20161118-0000_23_24_010,2016-11-19 00:00:00,24.00000,0.00000,2.00000,-95.65742,29.00221,-3000.00000,-9000.00000,7.64953,29.39907,0.00000,8.26239,3.38505,0.00000,4.26448,21.97098,11.58438,17.92145,6.60268,3.03947,0.52886,7.72359,11.05552,15.45506,13.18536,22.33512,2.95124,4.40732,-0.50615,6.65041,13.69151,18.35328,-2.71348,-0.87274,-5.32382,0.96660,-0.25713,-4.00266,-2.45635,-1.69796,0.05878,0.07110,0.04762,0.00615,0.00060,0.05263,0.05818,0.06432,0.00000,0.00000,0.00000,0.00000,0.00000,0.00000,0.00000,0.00000,0.12549,0.16357,0.08341,0.01975,-0.00052,0.10216,0.12600,0.14967,0.00169,0.00440,0.00017,0.00113,0.00035,0.00049,0.00135,0.00297,4.94299,17.84462,0.00000,5.88579,3.80123,0.00000,1.14176,14.54640,-4.93881,0.00000,-16.46554,4.75225,0.11206,-11.73945,-5.05087,0.00000,10.10114,14.21459,5.48446,2.02668,-0.29679,7.62195,10.39793,12.43955,50.94675,53.30085,47.31392,1.36595,-0.31508,49.02018,51.26184,52.38491,0.87171,7.76000,-5.00000,3.44821,0.52171,-3.18000,0.35000,6.04000,0.88902,12.55000,-7.81000,5.86324,1.34902,-5.52000,-0.46000,9.70000,4.25146,13.80000,-5.99000,6.05632,-0.95854,-4.48000,5.21000,11.55000,7.54878,18.30000,-6.80000,7.26448,-1.65122,-2.30000,9.20000,15.90000,50.60122,53.16000,43.40000,2.47885,-1.00879,47.12000,51.61000,52.69000,67.26830,161.00000,-56.00000,51.84547,12.26830,8.00000,55.00000,142.00000,271.58536,472.00000,169.00000,88.77567,20.58536,181.00000,251.00000,453.00000,604.19513,2053.00000,0.00000,717.86914,427.19513,1.00000,177.00000,1830.00000,-28.93171,0.00000,-152.30000,43.12471,-26.93171,-94.80000,-2.00000,0.00000,768.26831,2058.00000,45.00000,633.99634,272.26831,177.00000,496.00000,1830.00000,0.81488,11.99000,-12.93000,6.71831,-0.01512,-7.32000,0.83000,9.87000,-2.12927,12.60000,-13.00000,6.62715,0.47073,-10.30000,-2.60000,7.80000,6.33447,27.81835,-3.78097,10.07999,5.19569,-1.56410,1.13878,24.99278,41.00000,0.70213,9.56250,6.80898,-0.41989,0.56944,0.00000,0.00000,0.00000,0.00000
mem7_GRPL_MAX_20161118-0000_23_23_011_00,mem7_GRPL_MAX_20161118-0000_23_23_011,2016-11-18 23:00:00,23.00000,23.00000,1.00000,-95.58745,29.35007,-3000.00000,-18000.00000,5.68608,10.56441,0.00000,3.94070,-2.00515,0.08553,7.69123,9.54964,12.04342,18.15281,6.53459,3.32496,-0.40081,7.89263,12.44423,16.17104,13.50277,20.96663,2.90982,5.51628,-1.48474,5.79952,14.98750,20.03746,-2.12507,-1.35043,-3.34385,0.51415,-0.17635,-2.73761,-1.94872,-1.60640,0.06047,0.07110,0.04762,0.00802,0.00229,0.04762,0.05818,0.07110,0.00000,0.00000,0.00000,0.00000,0.00000,0.00000,0.00000,0.00000,0.37444,2.67443,0.16868,0.57644,0.15475,0.17659,0.21969,0.29954,0.00156,0.00248,0.00041,0.00070,-0.00011,0.00064,0.00167,0.00242,3.21066,7.94618,0.00000,2.64013,-0.70430,0.24896,3.91496,6.36768,-0.84168,-0.00208,-2.44140,0.78977,-0.32573,-2.25785,-0.51595,-0.10044,10.07133,11.37633,8.81961,0.76544,0.15630,9.23149,9.91503,11.24864,50.74066,52.90014,46.90141,1.76136,-0.19965,48.07068,50.94031,52.41245,0.94706,7.33000,-2.31000,2.33636,0.41706,-1.23600,0.53000,3.65600,3.50059,7.47000,-1.84000,2.76990,-0.01941,0.20400,3.52000,7.14800,2.12824,10.35000,-9.24000,5.26509,-0.12176,-5.52000,2.25000,7.92600,8.20824,18.21000,-5.40000,7.07040,0.20824,-2.25800,8.00000,15.79000,49.61823,53.31000,43.95000,2.51012,-0.45177,46.73200,50.07000,52.63000,84.00000,155.00000,5.00000,45.35870,-10.00000,24.80000,94.00000,139.20000,402.52942,777.00000,172.00000,208.94106,98.52942,201.60000,304.00000,738.40000,975.23529,1455.00000,539.00000,310.90903,29.23529,563.00000,946.00000,1333.00000,-16.73529,-0.10000,-65.80000,20.02672,-6.83529,-50.46000,-9.90000,-0.84000,1074.58826,1455.00000,582.00000,259.86673,-77.41174,677.80000,1152.00000,1333.00000,2.96765,15.54000,-6.35000,5.67680,0.64765,-3.00800,2.32000,11.00000,1.75647,13.60000,-9.41000,7.18364,-1.66353,-6.43000,3.42000,11.81800,10.36237,31.09484,-1.55440,11.04605,4.16981,-0.83772,6.19256,26.04557,17.00000,0.96329,10.86989,2.91833,-1.36066,0.47222,0.00000,0.00000,0.00000,0.00000
mem7_GRPL_MAX_20161118-0000_23_23_012_00,mem7_GRPL_MAX_20161118-0000_23_23_012,2016-11-18 23:00:00,23.00000,23.00000,1.00000,-94.89884,29.69325,18000.00000,-12000.00000,4.81974,11.82355,0.00000,3.36117,0.19552,0.26175,4.62421,8.74101,11.14401,16.31221,6.29880,2.91191,0.39393,7.64730,10.75008,14.72800,15.64229,22.19613,3.73958,5.09593,-0.48752,8.88329,16.12981,22.10179,-2.75887,-2.05329,-3.77801,0.56487,0.03225,-3.49269,-2.79112,-2.14942,0.06055,0.07110,0.04762,0.00781,0.00236,0.05013,0.05818,0.07110,0.00000,0.00000,0.00000,0.00000,0.00000,0.00000,0.00000,0.00000,0.44482,1.77908,0.20177,0.50448,0.17969,0.21209,0.26513,1.04291,0.00249,0.00427,0.00125,0.00095,0.00027,0.00156,0.00222,0.00378,5.54035,10.95215,0.54064,2.92315,0.14620,2.12108,5.39415,9.01210,-3.30134,-0.05653,-10.61111,3.53101,-1.37869,-8.94817,-1.92264,-0.15349,8.91887,11.61666,5.60941,1.83764,-0.42000,6.53838,9.33886,11.24588,51.87870,53.00043,49.97216,0.98678,-0.28172,50.35477,52.16042,52.85207,5.84625,7.68000,3.65000,1.35086,-0.06875,3.84500,5.91500,7.44500,-6.00000,-1.63000,-7.51000,1.56781,0.67000,-7.17000,-6.67000,-3.72000,8.90125,9.88000,8.21000,0.42320,0.04125,8.39000,8.86000,9.33500,-8.90938,-8.23000,-9.52000,0.37095,-0.02437,-9.41000,-8.88500,-8.43000,42.44688,44.73000,41.39000,0.86345,0.26688,41.72500,42.18000,43.67000,56.12500,73.00000,36.00000,10.83325,-1.87500,41.50000,58.00000,68.50000,553.06250,642.00000,474.00000,49.55233,2.56250,488.00000,550.50000,617.50000,1321.75000,1407.00000,1223.00000,58.70317,0.25000,1244.50000,1321.50000,1400.50000,-30.20000,-21.80000,-41.30000,4.64327,-0.70000,-35.45000,-29.50000,-25.15000,1326.18750,1407.00000,1223.00000,58.15413,-7.31250,1244.50000,1333.50000,1400.50000,-1.34313,2.20000,-6.28000,1.97547,-0.49812,-3.81500,-0.84500,0.48500,15.70938,20.49000,11.20000,2.87012,-0.06063,12.03500,15.77000,19.72000,36.76135,52.46743,17.01087,8.54405,0.19036,27.68597,36.57099,48.89293,16.00000,0.78997,5.82893,3.57401,-0.33000,0.66667,0.00000,0.00000,0.00000,0.00000
mem7_GRPL_MAX_20161118-0000_23_24_013_00,mem7_GRPL_MAX_20161118-0000_23_24_013,2016-11-18 23:00:00,23.00000,23.00000,1.00000,-92.19084,32.43439,63000.00000,-18000.00000,5.21520,19.29024,0.00000,5.55501,2.52417,0.01831,2.69103,14.18831,11.11951,15.63956,6.02655,2.60410,0.08552,7.35119,11.03399,14.30147,10.87262,18.69044,4.42079,3.50119,-0.28708,5.50921,11.15969,15.17640,-2.50000,-0.80453,-4.47292,0.77502,0.14709,-3.56113,-2.64710,-1.53801,0.05755,0.06432,0.03897,0.00673,-0.00063,0.04762,0.05818,0.06432,0.00000,0.00000,0.00000,0.00000,0.00000,0.00000,0.00000,0.00000,0.19796,0.25966,0.11772,0.03190,-0.00187,0.15693,0.19983,0.24105,0.00161,0.00392,0.00079,0.00072,0.00026,0.00103,0.00134,0.00298,2.43339,6.88342,0.00000,1.91416,0.68341,0.43554,1.74998,5.42888,-4.09050,0.00000,-19.00431,5.49477,-3.38567,-13.22150,-0.70483,0.00000,10.50948,14.58909,7.43314,1.53927,0.35076,8.71535,10.15872,12.71188,50.61053,52.60772,47.84365,1.26036,-0.10037,48.83255,50.71090,52.13510,6.35013,11.28000,-1.61000,3.81605,-1.13987,0.56800,7.49000,10.41400,3.81948,11.44000,0.69000,2.26752,0.41948,1.50600,3.40000,6.90200,12.86909,17.04000,7.05000,2.77758,-1.06091,8.50400,13.93000,15.64000,12.48909,21.86000,8.35000,4.53115,2.64909,8.69800,9.84000,19.57600,40.50064,43.84000,36.04000,2.24670,-0.42936,37.15600,40.93000,43.11000,103.01299,242.00000,55.00000,36.52272,14.01299,72.80000,89.00000,167.40000,616.18182,821.00000,292.00000,171.12863,-70.81818,325.80000,687.00000,800.00000,968.14288,1410.00000,0.00000,500.87247,-224.85712,0.00000,1193.00000,1373.60000,-22.18052,0.00000,-296.29999,53.55025,-13.68052,-19.58000,-8.50000,0.00000,1134.53247,1410.00000,689.00000,215.14323,-58.46753,791.20000,1193.00000,1373.60000,-3.60636,6.26000,-20.34000,6.76451,-0.98636,-14.05000,-2.62000,4.08400,3.27584,12.71000,-8.36000,5.46760,-0.51416,-4.26000,3.79000,10.13800,28.08492,49.25977,14.37374,9.89264,3.26640,17.03484,24.81851,42.74783,77.00000,0.98206,27.16625,5.12232,-0.43961,0.30556,0.00000,0.00000,0.00000,0.00000
mem7_GRPL_MAX_20161118-0000_23_24_013_01,mem7_GRPL_MAX_20161118-0000_23_24_013,2016-11-19 00:00:00,24.00000,0.00000,2.00000,-91.73567,32.34555,36000.00000,-12000.00000,4.61667,16.06579,0.00000,4.40646,1.53558,0.06178,3.08109,11.67255,10.33848,15.27389,6.11094,2.25015,0.12423,7.10587,10.21425,13.14325,10.31394,16.14724,4.00717,3.29695,0.20370,6.35634,10.11023,15.13552,-2.20146,-1.13826,-2.92145,0.41874,0.03651,-2.68272,-2.23798,-1.65278,0.05353,0.06432,0.03897,0.00585,0.00089,0.04308,0.05263,0.05818,0.00000,0.00000,0.00000,0.00000,0.00000,0.00000,0.00000,0.00000,0.14643,1.59466,0.08420,0.21177,0.02987,0.09435,0.11656,0.13773,0.00130,0.00267,0.00057,0.00046,0.00006,0.00071,0.00125,0.00191,1.69457,7.39877,0.00000,1.82304,0.54169,0.06462,1.15288,4.08027,-3.91709,-0.06994,-8.01665,2.21274,-0.08043,-7.20060,-3.83667,-0.69771,11.34415,13.33752,8.78913,1.22041,-0.09080,9.73874,11.43495,12.84683,50.73601,52.31770,47.80948,1.08988,-0.17542,49.27903,50.91143,51.97000,6.67604,8.40000,1.49000,1.68921,-0.45396,4.35000,7.13000,8.03400,3.91146,7.06000,1.23000,1.25954,0.10646,2.21800,3.80500,5.73000,9.29458,14.08000,-3.29000,4.69327,-2.11542,0.07800,11.41000,12.55900,7.57500,15.20000,4.60000,2.14043,0.47500,5.84000,7.10000,8.63000,41.67083,48.68000,36.55000,3.40117,0.95083,38.16200,40.72000,47.15200,80.72916,116.00000,12.00000,23.87096,-7.27084,43.10000,88.00000,103.30000,757.91669,885.00000,238.00000,186.81729,-73.08331,342.10000,831.00000,875.30000,785.70831,989.00000,1.00000,286.29041,-114.29169,123.60000,900.00000,963.20000,-12.88333,0.00000,-71.90000,12.24221,-4.63333,-18.56000,-8.25000,-5.81000,803.39581,992.00000,105.00000,247.61336,-97.10419,329.20000,900.50000,969.00000,-0.42688,15.26000,-7.97000,6.46514,2.57812,-6.26500,-3.00500,12.38400,9.00208,14.70000,-0.40000,2.89083,-0.29792,6.99000,9.30000,11.79000,24.69791,49.44604,-0.82700,14.29503,-1.05149,2.09485,25.74941,43.34549,48.00000,0.86138,11.21648,5.69750,-0.16359,0.57143,0.00000,0.00000,0.00000,0.00000
mem7_GRPL_MAX_20161118-0000_23_23_014_00,mem7_GRPL_MAX_20161118-0000_23_23_014,2016-11-18 23:00:00,23.00000,23.00000,1.00000,-91.05806,33.52394,48000.00000,9000.00000,18.14533,37.30431,0.19747,11.07560,-1.88906,0.84244,20.03439,32.65012,12.68400,19.17384,6.06972,3.16426,-0.13671,8.31910,12.82071,16.89277,10.66119,18.50113,4.63278,3.35576,0.35739,6.56247,10.30380,15.74196,-2.50536,-0.90971,-4.76999,0.84600,0.01180,-3.59486,-2.51716,-1.48130,0.06103,0.07110,0.04762,0.00645,0.00285,0.05263,0.05818,0.07110,0.00000,0.00000,0.00000,0.00000,0.00000,0.00000,0.00000,0.00000,0.36432,3.36043,0.11320,0.58261,0.14140,0.16448,0.22292,0.26777,0.00142,0.00243,0.00072,0.00039,0.00002,0.00092,0.00140,0.00196,7.96198,19.42143,0.12926,5.87787,-0.05607,0.39799,8.01805,15.97314,-3.63848,0.00000,-16.18272,4.48639,-1.79192,-10.57244,-1.84656,-0.00153,12.70058,14.93660,10.33388,1.11620,-0.08862,11.21857,12.78920,14.09402,52.34018,53.45558,49.64618,0.88396,-0.26743,51.15978,52.60760,53.30968,6.39410,7.54000,4.36000,0.62562,-0.02090,5.65100,6.41500,7.12800,4.87900,6.79000,3.69000,0.63542,-0.03100,4.00000,4.91000,5.78300,17.52480,21.02000,11.07000,2.05001,-0.45520,14.51200,17.98000,19.60400,9.98350,12.97000,7.46000,1.13621,0.04850,8.66900,9.93500,11.77400,35.52260,41.88000,32.69000,2.36337,0.32760,32.93800,35.19500,39.55000,88.35000,108.00000,56.00000,10.29114,-1.65000,73.80000,90.00000,99.10000,931.26001,1008.00000,883.00000,32.52403,9.76001,897.90000,921.50000,982.20000,726.64001,917.00000,594.00000,75.75507,11.64001,638.90000,715.00000,843.50000,-4.63500,0.00000,-19.90000,5.08262,-2.08500,-12.81000,-2.55000,-0.40000,742.91998,922.00000,621.00000,72.61868,15.41998,660.90000,727.50000,860.10000,-10.81710,-5.56000,-22.41000,3.13040,-0.85210,-14.49500,-9.96500,-7.35900,12.54450,22.24000,0.84000,5.00070,-0.50050,4.88500,13.04500,18.23000,46.63487,53.45558,13.18468,9.13409,-5.20587,33.27576,51.84074,53.19668,100.00000,0.87802,16.84586,8.06291,-0.38897,0.62500,0.00000,0.00000,0.00000,0.00000
mem7_GRPL_MAX_20161118-0000_23_24_015_00,mem7_GRPL_MAX_20161118-0000_23_24_015,2016-11-18 23:00:00,23.00000,23.00000,1.00000,-91.09863,34.11170,39000.00000,15000.00000,19.92416,46.45773,1.47080,13.39287,1.33299,3.53854,18.59117,38.95987,10.31350,15.86969,6.02232,2.94021,0.42907,6.35117,9.88443,14.52236,11.53211,18.28899,4.80913,3.90700,-0.32319,6.39865,11.85530,16.58896,-3.23903,-2.10979,-4.45334,0.73961,-0.12943,-4.24162,-3.10960,-2.39551,0.05743,0.07110,0.03897,0.00837,-0.00075,0.04762,0.05818,0.06906,0.00000,0.00000,0.00000,0.00000,0.00000,0.00000,0.00000,0.00000,0.27157,0.32223,0.20796,0.02954,-0.00285,0.22942,0.27441,0.30972,0.00173,0.00337,0.00058,0.00080,0.00016,0.00072,0.00157,0.00292,6.67236,16.36512,0.14649,4.39354,0.80437,1.69629,5.86799,12.48864,-2.82595,-0.22226,-14.14081,2.50400,-0.58425,-4.42947,-2.24170,-0.88806,9.87045,12.25241,7.27929,1.41542,-0.06233,8.10199,9.93277,12.01893,49.73973,50.92747,46.91251,1.13608,-0.37456,47.84155,50.11429,50.82414,1.50574,9.32000,-4.13000,3.54362,0.36074,-2.66800,1.14500,7.14100,9.96130,15.18000,0.55000,3.78874,-0.93870,3.77100,10.90000,13.78800,9.51648,17.48000,-0.99000,4.79352,-1.83352,2.12300,11.35000,14.46500,23.40759,35.39000,12.74000,4.53312,0.69259,18.82900,22.71500,28.49800,39.76315,42.41000,38.13000,1.10782,0.07816,38.37300,39.68500,41.20400,171.77777,319.00000,-34.00000,106.56100,-25.72223,19.50000,197.50000,289.70000,340.27777,710.00000,198.00000,107.59035,36.27777,237.60000,304.00000,496.40000,11.57407,390.00000,0.00000,56.54647,11.57407,0.00000,0.00000,0.00000,-9.29630,0.00000,-231.20000,38.54995,-9.29630,0.00000,0.00000,0.00000,497.37036,748.00000,2.00000,215.51268,-67.62964,97.90000,565.00000,727.70000,2.79352,8.81000,-5.77000,3.70364,-0.37648,-2.20800,3.17000,7.58500,-2.68722,8.64000,-19.79000,5.81887,-0.10722,-10.13100,-2.58000,4.04600,18.49275,35.66281,-1.05589,7.87115,-2.30964,6.61231,20.80240,26.29079,54.00000,0.94298,15.88037,5.28584,-0.63809,0.37762,0.00000,0.00000,0.00000,0.00000
mem7_GRPL_MAX_20161118-0000_23_24_015_01,mem7_GRPL_MAX_20161118-0000_23_24_015,2016-11-19 00:00:00,24.00000,0.00000,2.00000,-90.65012,33.70037,42000.00000,-45000.00000,10.04929,24.48757,0.05769,6.25939,-0.38751,0.11350,10.43680,18.55132,9.55431,14.88547,6.23575,2.21722,0.17386,6.78171,9.38045,12.47682,8.57404,14.19791,2.76392,2.10910,0.08129,6.17285,8.49274,11.46598,-2.72428,-1.28527,-4.18469,0.63724,-0.09171,-3.63007,-2.63257,-1.98074,0.05222,0.06432,0.04308,0.00528,-0.00042,0.04762,0.05263,0.05818,0.00000,0.00000,0.00000,0.00000,0.00000,0.00000,0.00000,0.00000,0.12177,0.15314,0.07419,0.01734,-0.00387,0.09950,0.12564,0.14362,0.00156,0.00353,0.00060,0.00058,0.00008,0.00087,0.00148,0.00229,5.93081,16.35362,0.00000,4.69575,1.27268,0.80908,4.65814,13.89182,-5.66717,0.00000,-16.52757,4.81289,-1.01160,-13.45270,-4.65557,-0.11379,12.41598,14.15555,9.67252,1.04418,-0.16637,11.03125,12.58234,13.77922,50.73756,53.19717,45.54926,1.46198,-0.30778,48.81967,51.04534,52.31768,3.67059,7.16000,-2.28000,2.55944,-1.38941,-0.33600,5.06000,6.34800,7.76915,13.09000,4.48000,1.83829,0.61915,5.81600,7.15000,10.72200,12.43118,19.83000,-4.32000,5.04939,-1.44882,4.60000,13.88000,17.59000,13.41765,23.10000,8.60000,3.45434,0.71765,9.92000,12.70000,17.98000,40.12444,46.45000,31.17000,3.45167,-0.32556,34.69000,40.45000,44.56600,96.89542,228.00000,38.00000,36.37408,6.89542,65.20000,90.00000,153.40000,803.71893,995.00000,205.00000,261.09073,-150.28107,282.40000,954.00000,984.00000,310.83661,606.00000,0.00000,181.43303,-81.16339,0.00000,392.00000,490.00000,-14.73660,0.00000,-142.80000,20.31405,-5.83660,-27.64000,-8.90000,0.00000,452.56210,647.00000,40.00000,137.24963,-39.43790,226.80000,492.00000,571.60000,-2.49105,16.99000,-20.99000,6.86736,1.23896,-10.95200,-3.73000,6.77400,8.23137,18.80000,-4.70000,4.68200,-0.36863,2.42000,8.60000,13.98000,18.41713,42.18517,-4.59611,11.74568,-1.33327,0.73108,19.75039,33.49025,153.00000,0.88234,26.78648,12.60585,-1.17211,0.35417,0.00000,0.00000,0.00000,0.00000
mem7_GRPL_MAX_20161118-0000_23_23_016_00,mem7_GRPL_MAX_20161118-0000_23_23_016,2016-11-18 23:00:00,23.00000,23.00000,1.00000,-89.73342,35.80302,54000.00000,24000.00000,19.32730,47.58970,0.82369,10.23085,0.53487,6.92132,18.79243,32.32660,8.97879,12.41827,6.02388,1.51946,-0.20827,6.84727,9.18705,10.71819,11.06800,15.87133,3.26949,3.03521,-0.55764,6.22843,11.62565,14.37893,-2.55042,-1.36040,-4.99751,0.68505,-0.01454,-3.33723,-2.53588,-1.75491,0.05597,0.06432,0.04308,0.00530,-0.00221,0.04762,0.05818,0.06432,0.00000,0.00000,0.00000,0.00000,0.00000,0.00000,0.00000,0.00000,0.23898,0.28788,0.17025,0.03112,0.00313,0.19920,0.23585,0.27754,0.00184,0.00445,0.00096,0.00066,0.00023,0.00118,0.00161,0.00274,7.58052,24.14915,0.54341,5.22294,0.81636,2.31429,6.76416,14.48445,-1.74657,0.00000,-12.89368,2.50256,-1.20479,-5.57659,-0.54178,0.00000,10.62458,12.76101,8.91906,0.60521,0.01351,9.85083,10.61107,11.37970,48.43106,50.55878,45.30512,1.06144,-0.22265,47.00114,48.65371,49.62169,4.63525,11.88000,-2.22000,3.92028,-0.23475,-0.66000,4.87000,9.79000,9.02667,16.19000,1.53000,3.81185,-0.22333,3.54000,9.25000,14.08000,8.67021,13.90000,1.85000,3.48285,-0.07979,3.39000,8.75000,13.52000,25.22419,36.82000,16.37000,6.38680,0.40419,17.15000,24.82000,34.36000,37.42582,40.94000,35.03000,1.15113,-0.09418,35.85000,37.52000,38.85000,136.26241,293.00000,40.00000,64.62962,23.26241,72.00000,113.00000,233.00000,459.65250,679.00000,201.00000,116.75950,2.65250,292.00000,457.00000,615.00000,286.43262,621.00000,0.00000,275.02011,-6.56738,0.00000,293.00000,593.00000,-11.48936,0.00000,-217.89999,30.86409,-7.88936,-13.60000,-3.60000,0.00000,567.85815,780.00000,370.00000,105.43201,3.85815,424.00000,564.00000,698.00000,-2.30674,14.00000,-17.72000,8.56024,0.22326,-14.93000,-2.53000,9.90000,-0.20220,10.00000,-15.64000,5.67089,-1.51220,-8.09000,1.31000,5.58000,15.01048,40.86984,1.00946,6.95259,0.48313,6.07373,14.52735,24.79150,141.00000,0.86626,29.00673,14.49175,-1.05166,0.32639,0.00000,0.00000,0.00000,0.00000
mem7_GRPL_MAX_20161118-0000_23_23_017_00,mem7_GRPL_MAX_20161118-0000_23_23_017,2016-11-18 23:00:00,23.00000,23.00000,1.00000,-89.58475,36.06672,57000.00000,57000.00000,23.31966,47.84662,3.85753,11.26341,0.89899,9.88109,22.42066,40.16329,9.35764,12.57194,6.02388,1.64484,-0.28300,7.25351,9.64064,11.40519,10.77394,14.56480,3.26949,2.95231,-0.75703,5.90838,11.53098,13.82833,-2.85915,-1.36040,-4.99751,0.87472,-0.08298,-4.13842,-2.77617,-1.75600,0.05533,0.06432,0.04308,0.00591,-0.00285,0.04762,0.05818,0.06432,0.00000,0.00000,0.00000,0.00000,0.00000,0.00000,0.00000,0.00000,0.23881,0.28788,0.17098,0.03015,-0.00191,0.19591,0.24073,0.27871,0.00159,0.00336,0.00070,0.00053,0.00009,0.00110,0.00150,0.00237,8.73389,24.14915,0.00000,5.77259,1.10805,2.76930,7.62584,17.06916,-1.75250,0.00000,-14.60017,2.91606,-1.31842,-5.73195,-0.43408,0.00000,10.82865,12.72848,8.91906,0.78254,0.08061,9.88782,10.74804,11.94147,48.71495,50.55878,45.30512,0.95636,-0.24025,47.31497,48.95520,49.68789,4.56809,12.36000,-1.08000,3.33404,0.56809,0.41200,4.00000,9.70700,9.50072,15.52000,1.53000,3.75385,-1.21928,3.67500,10.72000,13.86800,7.60197,13.90000,-1.32000,3.57870,0.52697,3.39200,7.07500,13.48400,27.66658,35.05000,16.37000,6.03185,-2.73342,17.23900,30.40000,33.27800,36.89507,39.53000,34.68000,1.08120,0.12507,35.62200,36.77000,38.47600,123.03947,279.00000,-29.00000,60.28254,10.53947,54.10000,112.50000,205.90000,393.15790,679.00000,169.00000,148.71265,-1.84210,217.20000,395.00000,610.00000,136.07895,602.00000,0.00000,231.04916,136.07895,0.00000,0.00000,562.90000,-12.11645,0.00000,-347.39999,44.52013,-12.11645,-13.46000,0.00000,0.00000,487.30920,718.00000,2.00000,112.94865,8.30920,374.10000,479.00000,647.90000,-1.43586,20.49000,-17.72000,9.45540,1.19414,-14.65200,-2.63000,10.86700,-0.63171,15.46000,-14.77000,4.86082,0.72829,-6.16600,-1.36000,5.08100,11.57352,40.86984,1.16385,6.69942,0.89903,4.32649,10.67450,20.93309,152.00000,0.86309,30.05379,15.17866,-0.99032,0.28952,0.00000,0.00000,0.00000,0.00000
mem7_GRPL_MAX_20161118-0000_23_23_018_00,mem7_GRPL_MAX_20161118-0000_23_23_018,2016-11-18 23:00:00,23.00000,23.00000,1.00000,-86.39573,40.45959,33000.00000,48000.00000,13.54377,25.66778,0.18077,6.10962,-0.18480,6.03249,13.72857,21.99639,10.07031,13.60656,6.11379,2.08093,0.14684,7.20875,9.92347,12.81953,9.73616,12.02568,5.62864,1.46309,-0.11842,7.77514,9.85458,11.57537,-1.71771,-0.78638,-2.71366,0.55266,-0.02055,-2.45235,-1.69716,-1.00075,0.05623,0.06432,0.04308,0.00592,-0.00195,0.04762,0.05818,0.06432,0.00000,0.00000,0.00000,0.00000,0.00000,0.00000,0.00000,0.00000,0.25571,0.28341,0.17582,0.02319,-0.00717,0.22349,0.26288,0.27742,0.00076,0.00104,0.00038,0.00012,-0.00001,0.00061,0.00077,0.00089,0.35364,2.04445,0.00000,0.38501,0.11493,0.00000,0.23870,0.75185,-6.15420,-0.11133,-14.84548,4.68269,-0.13648,-12.64087,-6.01772,-0.18223,12.89187,13.73891,11.38218,0.58065,-0.08411,12.06562,12.97598,13.58895,51.31734,52.84927,48.86378,0.89187,-0.05689,50.13711,51.37423,52.39088,7.99771,10.79000,2.92000,1.91796,-0.46229,5.21800,8.46000,10.10600,11.00277,15.39000,8.78000,1.58607,0.20277,9.18600,10.80000,13.24400,10.73325,16.12000,4.04000,2.21780,-0.15675,8.43400,10.89000,12.92600,24.17036,32.16000,4.28000,5.67654,-0.30964,20.29600,24.48000,30.49400,33.54783,36.87000,30.99000,1.62274,0.39783,31.57800,33.15000,36.10400,149.42169,185.00000,105.00000,22.08533,-3.57831,117.00000,153.00000,174.60000,628.26508,686.00000,475.00000,45.22530,-11.73492,572.60000,640.00000,668.80000,47.18072,107.00000,0.00000,26.91358,3.18072,4.00000,44.00000,81.40000,-51.78434,0.00000,-79.10000,21.90642,7.81566,-71.30000,-59.60000,-5.04000,307.15662,417.00000,2.00000,110.81434,-41.84338,75.40000,349.00000,392.60000,-1.73771,8.52000,-7.64000,4.28997,1.99229,-6.15800,-3.73000,4.32000,-6.40892,12.82000,-15.46000,5.87474,0.18108,-13.54400,-6.59000,-0.42400,32.72232,52.23593,-0.36846,13.82172,-0.86712,12.91149,33.58943,50.42021,83.00000,0.96943,21.07690,5.17186,-0.95610,0.37557,0.00000,0.00000,0.00000,0.00000
mem7_GRPL_MAX_20161118-0000_24_24_019_00,mem7_GRPL_MAX_20161118-0000_24_24_019,2016-11-19 00:00:00,24.00000,0.00000,1.00000,-94.06069,29.98460,21000.00000,-18000.00000,22.64441,37.72288,9.22074,7.06538,-0.38618,14.10462,23.03059,32.56520,11.31846,17.36357,6.84308,2.95266,-0.28284,7.29660,11.60130,14.89452,15.72979,19.85752,4.89832,3.84624,-1.06593,10.96126,16.79572,19.02675,-2.70929,-1.69013,-4.23172,0.74641,-0.12235,-3.75414,-2.58694,-1.83665,0.05896,0.07110,0.04762,0.00651,0.00077,0.05263,0.05818,0.06635,0.00000,0.00000,0.00000,0.00000,0.00000,0.00000,0.00000,0.00000,0.12272,0.15752,0.07366,0.01916,-0.00019,0.09716,0.12292,0.14622,0.00352,0.00557,0.00181,0.00125,-0.00014,0.00190,0.00365,0.00507,11.89305,20.66708,4.95790,3.65730,0.53260,7.77806,11.36045,16.76202,-0.63763,0.00000,-4.19184,1.16226,-0.60076,-2.24256,-0.03687,-0.00761,9.38446,12.86228,6.85587,1.88740,0.25710,7.02190,9.12736,12.10327,50.45993,52.48837,45.88773,1.71187,-0.50039,47.83379,50.96032,52.34333,6.06964,7.02000,4.52000,0.54667,-0.08036,5.44900,6.15000,6.57500,-2.57893,-0.17000,-4.06000,0.71399,-0.02893,-3.44200,-2.55000,-2.00400,10.80393,12.01000,10.02000,0.57114,0.08893,10.18300,10.71500,11.55900,-4.77857,-2.00000,-6.30000,0.86121,0.02143,-5.63000,-4.80000,-3.77000,43.58536,45.19000,41.90000,0.71679,-0.20464,42.53200,43.79000,44.10900,77.60714,87.00000,69.00000,4.16910,-0.89286,71.70000,78.50000,82.00000,610.89288,650.00000,583.00000,18.71466,4.89288,590.40000,606.00000,639.70000,1330.32141,1398.00000,1261.00000,39.69172,-3.67859,1271.00000,1334.00000,1377.80000,-8.70000,-3.40000,-18.20000,4.08044,-1.05000,-15.56000,-7.65000,-4.78000,1335.28577,1398.00000,1261.00000,39.70504,-6.71423,1271.00000,1342.00000,1378.10000,-1.91964,3.51000,-13.84000,3.92811,-0.82964,-6.29200,-1.09000,1.84700,11.51429,18.90000,4.90000,3.18419,-0.18571,7.38000,11.70000,15.44000,25.78240,42.98281,7.24308,11.29856,-2.66833,11.12679,28.45073,40.04146,28.00000,0.25523,6.25301,6.04591,-1.07829,0.66667,0.00000,0.00000,0.00000,0.00000
mem7_GRPL_MAX_20161118-0000_24_24_020_00,mem7_GRPL_MAX_20161118-0000_24_24_020,2016-11-19 00:00:00,24.00000,0.00000,1.00000,-91.60083,32.74095,42000.00000,63000.00000,2.52400,13.66569,0.00000,2.52053,0.42802,0.00000,2.09598,5.55616,9.43529,13.79122,6.00129,1.87515,0.12999,6.84145,9.30530,11.82707,10.60891,15.87172,2.94738,2.97329,-0.68164,6.36291,11.29055,13.95231,-2.02686,-1.11611,-3.00667,0.37544,-0.01300,-2.50737,-2.01386,-1.53656,0.05471,0.06432,0.04308,0.00449,0.00208,0.04762,0.05263,0.05818,0.00000,0.00000,0.00000,0.00000,0.00000,0.00000,0.00000,0.00000,0.13797,0.15769,0.08864,0.01401,-0.00272,0.11999,0.14070,0.15367,0.00179,0.00377,0.00035,0.00079,0.00023,0.00095,0.00156,0.00304,2.65907,9.33083,0.00000,1.97711,0.14587,0.18401,2.51319,5.29588,-9.60260,0.00000,-29.07888,8.41287,-1.37624,-22.05452,-8.22636,-0.03744,11.67164,14.96507,8.97137,1.37328,-0.00594,9.67680,11.67758,13.47113,50.24891,52.35277,47.93417,0.93289,-0.16429,49.21004,50.41319,51.57737,1.38308,10.58000,-3.60000,3.53641,1.17308,-2.02000,0.21000,7.59000,6.09780,13.42000,-0.77000,3.71254,-0.81220,1.19000,6.91000,10.77000,7.01396,15.94000,-6.61000,4.88223,-1.10604,-0.08000,8.12000,12.24000,14.71648,25.10000,2.50000,6.03509,0.21648,5.90000,14.50000,21.90000,42.26340,47.40000,39.04000,2.10040,0.68340,40.09000,41.58000,45.65000,155.60440,318.00000,16.00000,76.46530,-9.39560,56.00000,165.00000,262.00000,482.13187,863.00000,235.00000,196.88136,93.13187,296.00000,389.00000,812.00000,288.40659,1030.00000,0.00000,388.66412,276.40659,0.00000,12.00000,918.00000,-24.28681,0.00000,-279.20001,56.46796,-23.88681,-69.10000,-0.40000,0.00000,707.63739,1053.00000,44.00000,203.59724,-6.36261,488.00000,714.00000,956.00000,5.62560,19.93000,-17.93000,6.53914,0.88560,-0.61000,4.74000,14.44000,2.08132,15.90000,-10.60000,6.70089,-0.51868,-6.30000,2.60000,11.40000,23.76347,50.62615,-1.73001,12.85224,0.38402,5.44003,23.37945,44.31180,91.00000,0.97697,29.85136,6.36897,-0.97721,0.25490,0.00000,0.00000,0.00000,0.00000
mem7_GRPL_MAX_20161118-0000_24_24_021_00,mem7_GRPL_MAX_20161118-0000_24_24_021,2016-11-19 00:00:00,24.00000,0.00000,1.00000,-88.55638,36.50475,24000.00000,-39000.00000,11.22548,18.21197,6.85745,2.60652,0.80222,8.17887,10.42326,14.66488,7.91498,9.25271,6.01196,0.85335,-0.12448,6.70420,8.03945,8.89884,8.75975,12.00617,5.67473,1.89255,0.23724,6.08668,8.52251,11.42506,-3.34803,-2.27654,-3.92453,0.45668,0.06585,-3.84780,-3.41388,-2.66719,0.04961,0.05818,0.04308,0.00303,0.00200,0.04762,0.04762,0.05263,0.00000,0.00000,0.00000,0.00000,0.00000,0.00000,0.00000,0.00000,0.11082,0.12990,0.06919,0.01659,-0.00319,0.08894,0.11401,0.12764,0.00300,0.00468,0.00148,0.00113,-0.00016,0.00159,0.00316,0.00443,11.16042,18.01018,1.81713,4.72554,-0.93086,3.71077,12.09128,17.10167,-0.08781,0.00000,-0.66245,0.13838,-0.05322,-0.25095,-0.03459,0.00000,12.73923,15.08200,10.52408,1.46223,0.26456,10.97826,12.47468,14.87333,48.08846,48.93610,47.04536,0.43636,-0.10416,47.52684,48.19262,48.58324,6.45717,12.07000,-3.55000,4.46605,-1.18283,-0.12000,7.64000,11.38000,11.03065,14.34000,8.83000,1.46390,0.10565,9.26000,10.92500,13.07500,11.23217,14.55000,2.82000,2.95072,-0.99783,7.04500,12.23000,13.82000,20.61957,34.60000,16.60000,4.93248,2.56957,16.90000,18.05000,29.00000,34.41000,36.95000,32.12000,1.45789,0.53500,32.83000,33.87500,36.53500,163.97826,279.00000,126.00000,25.68749,4.47826,143.50000,159.50000,184.50000,608.45654,752.00000,170.00000,161.24362,-81.04346,342.00000,689.50000,733.50000,180.17392,359.00000,8.00000,81.11219,-4.82608,80.00000,185.00000,286.00000,-34.82391,0.00000,-74.70000,16.99939,-2.92391,-57.85000,-31.90000,-15.70000,462.32608,623.00000,360.00000,55.07112,8.32608,392.50000,454.00000,519.50000,-10.15718,2.13000,-18.38000,5.12913,0.99783,-15.65500,-11.15500,-2.97000,8.13478,14.60000,-4.90000,4.55542,-1.06522,0.60000,9.20000,12.10000,11.78563,27.20555,5.78252,5.58000,1.83053,6.65934,9.95511,20.21759,46.00000,0.98589,18.71917,3.13364,-0.72817,0.25275,0.00000,0.00000,0.00000,0.00000
mem7_GRPL_MAX_20161118-0000_24_24_022_00,mem7_GRPL_MAX_20161118-0000_24_24_022,2016-11-19 00:00:00,24.00000,0.00000,1.00000,-88.18589,37.31073,27000.00000,30000.00000,12.52161,18.24942,7.07714,2.88925,-0.20315,8.16149,12.72476,16.21259,8.15709,10.83481,6.12181,1.36288,-0.07995,6.49174,8.23704,9.99017,10.42443,15.68208,4.65729,2.48526,-0.38960,6.99569,10.81404,13.42404,-2.38715,-1.05472,-3.50526,0.64179,-0.00423,-3.24314,-2.38291,-1.58232,0.05033,0.05818,0.03897,0.00478,0.00271,0.04308,0.04762,0.05818,0.00000,0.00000,0.00000,0.00000,0.00000,0.00000,0.00000,0.00000,0.11467,0.13682,0.09303,0.00970,-0.00123,0.10023,0.11591,0.12383,0.00163,0.00271,0.00067,0.00056,0.00014,0.00092,0.00149,0.00259,4.47637,10.54399,0.00000,3.27356,0.01945,0.19090,4.45692,9.18952,-1.80894,-0.29247,-5.54865,1.65699,-0.78796,-4.78705,-1.02098,-0.47694,11.22494,12.71961,9.76829,0.86275,0.18144,10.19260,11.04350,12.41672,50.51654,52.18829,48.28153,1.00951,-0.12028,49.13724,50.63683,51.78478,6.61373,12.45000,2.16000,3.00174,0.44373,2.83600,6.17000,10.75200,11.44060,15.99000,5.62000,2.76279,-0.96940,6.99600,12.41000,14.63000,10.33090,17.80000,-1.36000,4.98184,-0.58910,2.29400,10.92000,16.20800,22.73731,31.40000,13.20000,4.94259,-0.86269,16.12000,23.60000,29.02000,38.38343,41.38000,34.12000,1.96159,-0.61657,35.60400,39.00000,40.66400,125.43284,200.00000,12.00000,55.85328,-18.56716,49.20000,144.00000,191.40000,346.52240,609.00000,183.00000,121.02600,17.52240,213.60000,329.00000,522.20000,119.14925,252.00000,0.00000,62.65429,-3.85075,40.80000,123.00000,204.40000,-36.21791,0.00000,-155.70000,37.94418,-10.61791,-94.14000,-25.60000,-0.52000,339.07462,476.00000,36.00000,107.97614,-20.92538,181.60000,360.00000,460.00000,-13.16716,1.53000,-23.60000,6.36252,1.75284,-20.40200,-14.92000,-4.09000,0.93134,16.40000,-9.50000,6.19509,0.53134,-6.84000,0.40000,9.64000,9.11341,29.76905,-0.93333,8.56633,2.76361,0.67734,6.34980,22.53722,67.00000,0.93338,17.66423,6.33947,-1.02492,0.40606,0.00000,0.00000,0.00000,0.00000
mem7_GRPL_MAX_20161118-0000_24_24_023_00,mem7_GRPL_MAX_20161118-0000_24_24_023,2016-11-19 00:00:00,24.00000,0.00000,1.00000,-87.69121,37.79561,15000.00000,-18000.00000,7.55355,13.38348,3.20169,3.01688,-0.74446,3.99431,8.29801,11.42026,8.30795,9.87676,6.48398,0.83067,-0.10541,7.50479,8.41336,9.26693,10.73668,12.39709,8.09359,1.25128,-0.24260,9.29690,10.97928,12.12199,-2.00739,-1.30954,-3.03164,0.52461,-0.20681,-2.74224,-1.80058,-1.37190,0.05217,0.05818,0.04762,0.00345,-0.00047,0.04762,0.05263,0.05818,0.00000,0.00000,0.00000,0.00000,0.00000,0.00000,0.00000,0.00000,0.12867,0.13826,0.11585,0.00560,0.00011,0.12234,0.12856,0.13487,0.00117,0.00194,0.00060,0.00039,0.00014,0.00072,0.00103,0.00167,0.41270,1.53878,0.00000,0.44573,0.15777,0.00000,0.25493,1.10477,-6.48772,-1.78522,-9.76123,2.65883,0.64432,-9.45865,-7.13204,-2.19986,10.08693,11.58559,8.37849,0.95487,-0.13456,8.71749,10.22149,11.18205,50.31751,51.25085,48.36334,0.83045,-0.26110,49.19747,50.57861,51.12070,3.62944,5.68000,2.11000,1.00175,0.31444,2.44400,3.31500,4.97700,12.02944,13.05000,10.93000,0.60372,0.05444,11.31400,11.97500,12.96000,7.22889,9.93000,3.85000,1.74625,-0.08111,5.10200,7.31000,9.42600,26.66111,30.10000,23.40000,1.97376,0.01111,24.01000,26.65000,28.79000,34.88778,37.09000,33.10000,1.33780,-0.14222,33.17900,35.03000,36.76700,131.44444,169.00000,102.00000,15.98340,2.94444,114.50000,128.50000,155.20000,778.16669,1012.00000,430.00000,170.05792,-21.33331,552.60000,799.50000,971.60000,8.50000,66.00000,0.00000,17.26992,8.50000,0.00000,0.00000,28.00000,-26.65000,0.00000,-146.20000,45.58324,-26.65000,-89.80000,0.00000,0.00000,313.44446,397.00000,258.00000,34.18613,2.94446,277.30000,310.50000,367.90000,-7.99278,-5.89000,-9.97000,1.01726,0.10722,-8.98000,-8.10000,-6.45400,-7.61667,1.10000,-11.80000,3.71577,1.28333,-11.30000,-8.90000,-2.06000,13.37664,23.19167,4.43063,5.23678,0.05148,7.13415,13.32516,19.61690,18.00000,0.91748,7.45923,2.96722,-0.86641,0.60000,0.00000,0.00000,0.00000,0.00000
mem7_GRPL_MAX_20161118-0000_25_25_024_00,mem7_GRPL_MAX_20161118-0000_25_25_024,2016-11-19 01:00:00,25.00000,1.00000,1.00000,-95.02687,29.32693,6000.00000,0.00000,15.92461,38.24401,0.00000,12.76431,2.56141,0.00000,13.36320,34.04565,12.56513,18.57044,7.00335,3.29027,1.18987,9.24136,11.37526,16.53617,12.68509,18.75218,5.66979,3.87681,-0.54306,6.52919,13.22814,16.47506,-2.59331,-1.55346,-4.33632,0.72470,-0.20625,-3.73134,-2.38706,-1.76603,0.06153,0.07110,0.04762,0.00657,0.00334,0.05319,0.05818,0.07110,0.00000,0.00000,0.00000,0.00000,0.00000,0.00000,0.00000,0.00000,0.00000,0.00000,0.00000,0.00000,0.00000,0.00000,0.00000,0.00000,0.00076,0.00146,0.00027,0.00032,0.00004,0.00041,0.00072,0.00120,4.25931,14.44520,0.00000,5.48311,4.09618,0.00000,0.16313,12.21906,-0.60463,0.00000,-4.53814,1.09328,-0.41633,-1.77561,-0.18829,0.00000,9.29369,11.88683,6.42563,1.46845,-0.00843,7.31065,9.30212,10.95814,50.24073,52.27059,48.27610,1.18337,-0.04744,48.65612,50.28817,51.73301,0.55045,3.89000,-3.65000,2.41609,-0.78455,-3.41600,1.33500,3.55100,-4.10045,-1.79000,-6.34000,1.42681,0.03955,-5.75100,-4.14000,-2.13100,4.82364,12.77000,-2.95000,4.50679,1.31364,-0.40800,3.51000,11.83400,7.55909,16.30000,-3.80000,5.68512,-1.34091,-1.22000,8.90000,13.82000,47.43045,49.49000,44.84000,1.41942,-0.05455,45.30500,47.48500,49.04800,105.59091,222.00000,-27.00000,85.20278,-39.40909,-12.70000,145.00000,208.00000,437.90909,596.00000,340.00000,84.95395,11.90909,346.10000,426.00000,560.30000,0.81818,6.00000,0.00000,1.64141,0.81818,0.00000,0.00000,2.80000,-0.04091,0.00000,-0.30000,0.10295,-0.04091,-0.27000,0.00000,0.00000,377.95456,726.00000,8.00000,242.31282,-22.04544,67.30000,400.00000,675.90000,1.68955,8.43000,-5.53000,3.80185,-0.97045,-3.45700,2.66000,5.82700,-1.45000,5.80000,-10.60000,5.13205,-0.10000,-7.45000,-1.35000,5.47000,7.89673,16.07850,-1.22628,6.07577,-0.42413,0.07227,8.32086,15.52432,22.00000,0.78337,6.71148,4.17160,-0.17582,0.91667,0.00000,0.00000,0.00000,0.00000
mem7_GRPL_MAX_20161118-0000_26_26_025_00,mem7_GRPL_MAX_20161118-0000_26_26_025,2016-11-19 02:00:00,26.00000,2.00000,1.00000,-92.82620,30.38138,21000.00000,-21000.00000,7.38836,11.77808,1.60380,2.58998,-0.13471,4.56641,7.52308,10.46367,9.32982,15.11967,6.06415,2.46020,0.68840,6.84539,8.64142,13.10519,10.60156,14.15173,6.22382,2.06127,0.59828,8.28273,10.00328,13.53680,-1.88403,-1.13181,-2.85783,0.42640,-0.13230,-2.47392,-1.75173,-1.45363,0.05020,0.06432,0.03897,0.00597,0.00258,0.04308,0.04762,0.05818,0.00000,0.00000,0.00000,0.00000,0.00000,0.00000,0.00000,0.00000,0.00000,0.00000,0.00000,0.00000,0.00000,0.00000,0.00000,0.00000,0.00139,0.00313,0.00015,0.00091,-0.00002,0.00022,0.00141,0.00251,1.13704,3.31721,0.00000,1.09861,-0.14255,0.00000,1.27959,2.52837,-4.62331,0.00000,-11.99264,3.90049,-0.57317,-10.39152,-4.05014,-0.07446,10.16140,11.90457,7.81694,1.21005,0.09711,8.70535,10.06429,11.62442,48.79213,51.06298,47.27404,0.93804,0.29232,47.75117,48.49981,49.95607,0.14971,5.39000,-4.81000,3.05926,1.19971,-3.53800,-1.05000,4.61200,0.99457,11.43000,-8.32000,5.33990,1.19457,-5.34800,-0.20000,8.64200,3.28029,7.99000,-3.07000,2.84140,-0.12971,-0.94600,3.41000,7.20400,14.37714,21.80000,-0.70000,7.20920,-2.32286,0.50000,16.70000,21.22000,44.93057,47.71000,39.06000,2.16527,-0.23943,41.48000,45.17000,47.24600,119.91428,256.00000,8.00000,75.94071,-3.08572,27.60000,123.00000,229.20000,294.14285,582.00000,162.00000,132.64822,50.14285,171.40000,244.00000,555.00000,147.77142,659.00000,0.00000,241.55771,142.77142,0.00000,5.00000,596.40000,-17.23143,0.00000,-241.39999,44.63795,-17.13143,-49.42000,-0.10000,0.00000,434.97144,788.00000,76.00000,162.91251,31.97144,294.60000,403.00000,691.00000,5.12400,10.99000,-6.04000,3.38939,-0.58600,1.47800,5.71000,8.94000,-4.56714,13.69000,-13.08000,7.73543,2.42286,-11.97600,-6.99000,8.87400,14.11479,42.16558,0.17462,12.06838,5.05852,3.62718,9.05627,36.48853,35.00000,0.66773,7.94452,5.91391,1.30719,0.62500,0.00000,0.00000,0.00000,0.00000
